pair_name,family,approx_model_name,target_model_name,task,prompt_id,gamma,top_k,top_p,temperature,max_tokens,approx_quant,target_quant,baseline_large_tps,baseline_large_elapsed_ms,avg_target_baseline_generate_ms_per_token,baseline_small_tps,speculative_tps,speedup,rounds,generated_tokens,accepted_count,resample_count,target_sample_count,proposed_draft_tokens,acceptance_rate,all_accept_round_rate,resample_round_rate,avg_accepted_per_round,avg_contributed_per_round,avg_draft_generate_ms_per_round,avg_target_verify_ms_per_round,draft_generate_ms_total,target_verify_ms_total
llama32_1b_to_31_8b,llama_cross,meta-llama/Llama-3.2-1B,meta-llama/Llama-3.1-8B,continuation,continuation_0,4,50,0.0,1.0,64,int8,none,16.220049,4130.690347,61.652095,,12.566618,0.774758,15,67,52,3,12,60,0.866667,0.8,0.2,3.466667,4.466667,283.224861,69.867378,4248.372916,1048.010668
llama32_1b_to_31_8b,llama_cross,meta-llama/Llama-3.2-1B,meta-llama/Llama-3.1-8B,continuation,continuation_0,4,50,0.9,1.0,64,int8,none,15.287817,4186.340087,65.411564,,12.663923,0.828367,14,64,50,2,12,56,0.892857,0.857143,0.142857,3.571429,4.571429,286.178145,72.502125,4006.494027,1015.029747
llama32_1b_to_31_8b,llama_cross,meta-llama/Llama-3.2-1B,meta-llama/Llama-3.1-8B,continuation,continuation_0,4,100,0.0,1.0,64,int8,none,15.943907,4139.512437,62.719885,,13.089084,0.820946,14,66,52,2,12,56,0.928571,0.857143,0.142857,3.714286,4.714286,287.723358,70.074519,4028.127018,981.043271
llama32_1b_to_31_8b,llama_cross,meta-llama/Llama-3.2-1B,meta-llama/Llama-3.1-8B,continuation,continuation_0,4,100,0.9,1.0,64,int8,none,15.6301,4158.642552,63.979116,,11.460772,0.73325,16,65,49,5,11,64,0.765625,0.6875,0.3125,3.0625,4.0625,280.151557,72.097938,4482.424913,1153.56701
llama32_1b_to_31_8b,llama_cross,meta-llama/Llama-3.2-1B,meta-llama/Llama-3.1-8B,continuation,continuation_0,4,150,0.0,1.0,64,int8,none,16.19156,4137.958409,61.760573,,13.361352,0.825205,14,67,53,2,12,56,0.946429,0.857143,0.142857,3.785714,4.785714,285.687749,70.071058,3999.628485,980.994808
llama32_1b_to_31_8b,llama_cross,meta-llama/Llama-3.2-1B,meta-llama/Llama-3.1-8B,continuation,continuation_0,4,150,0.9,1.0,64,int8,none,15.610249,4163.930926,64.060476,,12.595015,0.806843,14,65,51,2,12,56,0.910714,0.857143,0.142857,3.642857,4.642857,293.687912,72.580751,4111.630763,1016.130509
llama32_1b_to_31_8b,llama_cross,meta-llama/Llama-3.2-1B,meta-llama/Llama-3.1-8B,continuation,continuation_0,4,200,0.0,1.0,64,int8,none,15.721995,4134.335396,63.60516,,12.941582,0.823151,14,65,51,2,12,56,0.910714,0.857143,0.142857,3.642857,4.642857,286.2616,70.103782,4007.662395,981.452951
llama32_1b_to_31_8b,llama_cross,meta-llama/Llama-3.2-1B,meta-llama/Llama-3.1-8B,continuation,continuation_0,4,200,0.9,1.0,64,int8,none,15.426709,4148.648863,64.822638,,12.742756,0.826019,14,64,50,3,11,56,0.892857,0.785714,0.214286,3.571429,4.571429,284.00686,72.426919,3976.09604,1013.976865
llama32_1b_to_31_8b,llama_cross,meta-llama/Llama-3.2-1B,meta-llama/Llama-3.1-8B,continuation,continuation_0,6,50,0.0,1.0,64,int8,none,15.987975,4128.102575,62.547009,,10.269631,0.642335,13,66,53,5,8,78,0.679487,0.615385,0.384615,4.076923,5.076923,420.809099,70.926348,5470.518292,922.042525
llama32_1b_to_31_8b,llama_cross,meta-llama/Llama-3.2-1B,meta-llama/Llama-3.1-8B,continuation,continuation_0,6,50,0.9,1.0,64,int8,none,15.63449,4157.474788,63.961151,,10.741345,0.687029,12,65,53,5,7,72,0.736111,0.583333,0.416667,4.416667,5.416667,427.284511,74.269294,5127.414131,891.231523
llama32_1b_to_31_8b,llama_cross,meta-llama/Llama-3.2-1B,meta-llama/Llama-3.1-8B,continuation,continuation_0,6,100,0.0,1.0,64,int8,none,16.960004,4127.357525,58.96225,,12.827571,0.756342,11,70,59,2,9,66,0.893939,0.818182,0.181818,5.363636,6.363636,422.219932,71.08998,4644.419249,781.989776
llama32_1b_to_31_8b,llama_cross,meta-llama/Llama-3.2-1B,meta-llama/Llama-3.1-8B,continuation,continuation_0,6,100,0.9,1.0,64,int8,none,16.885101,4145.666678,59.22381,,11.834769,0.7009,12,70,58,3,9,72,0.805556,0.75,0.25,4.833333,5.833333,416.178456,74.018102,4994.141476,888.217229
llama32_1b_to_31_8b,llama_cross,meta-llama/Llama-3.2-1B,meta-llama/Llama-3.1-8B,continuation,continuation_0,6,150,0.0,1.0,64,int8,none,16.484489,4125.089993,60.663088,,13.753979,0.834359,10,68,58,1,9,60,0.966667,0.9,0.1,5.8,6.8,420.154858,71.36657,4201.548581,713.665699
llama32_1b_to_31_8b,llama_cross,meta-llama/Llama-3.2-1B,meta-llama/Llama-3.1-8B,continuation,continuation_0,6,150,0.9,1.0,64,int8,none,15.926017,4144.162474,62.790341,,11.149493,0.70008,12,66,54,5,7,72,0.75,0.583333,0.416667,4.5,5.5,416.490167,74.078804,4997.881999,888.945653
llama32_1b_to_31_8b,llama_cross,meta-llama/Llama-3.2-1B,meta-llama/Llama-3.1-8B,continuation,continuation_0,6,200,0.0,1.0,64,int8,none,15.521535,4123.303488,64.426617,,13.072901,0.842243,10,64,54,1,9,60,0.9,0.9,0.1,5.4,6.4,415.492182,71.296362,4154.921824,712.963618
llama32_1b_to_31_8b,llama_cross,meta-llama/Llama-3.2-1B,meta-llama/Llama-3.1-8B,continuation,continuation_0,6,200,0.9,1.0,64,int8,none,15.681063,4145.127029,63.771185,,11.868552,0.756872,11,65,54,4,7,66,0.818182,0.636364,0.363636,4.909091,5.909091,421.036613,74.099495,4631.402748,815.09444
llama32_1b_to_31_8b,llama_cross,meta-llama/Llama-3.2-1B,meta-llama/Llama-3.1-8B,continuation,continuation_0,8,50,0.0,1.0,64,int8,none,17.219315,4123.276789,58.074321,,10.270959,0.596479,11,71,60,4,7,88,0.681818,0.636364,0.363636,5.454545,6.454545,553.417249,72.020052,6087.589737,792.220569
llama32_1b_to_31_8b,llama_cross,meta-llama/Llama-3.2-1B,meta-llama/Llama-3.1-8B,continuation,continuation_0,8,50,0.9,1.0,64,int8,none,17.376451,4143.538743,57.549149,,12.738857,0.73311,9,72,63,2,7,72,0.875,0.777778,0.222222,7,8,548.126714,76.507133,4933.140422,688.564194
llama32_1b_to_31_8b,llama_cross,meta-llama/Llama-3.2-1B,meta-llama/Llama-3.1-8B,continuation,continuation_0,8,100,0.0,1.0,64,int8,none,16.019874,4119.882534,62.422463,,12.980283,0.810261,8,66,58,1,7,64,0.90625,0.875,0.125,7.25,8.25,559.658832,72.567681,4477.270658,580.54145
llama32_1b_to_31_8b,llama_cross,meta-llama/Llama-3.2-1B,meta-llama/Llama-3.1-8B,continuation,continuation_0,8,100,0.9,1.0,64,int8,none,15.424752,4149.175187,64.830862,,9.919757,0.643106,10,64,54,5,5,80,0.675,0.5,0.5,5.4,6.4,565.84161,76.231311,5658.416095,762.313106
llama32_1b_to_31_8b,llama_cross,meta-llama/Llama-3.2-1B,meta-llama/Llama-3.1-8B,continuation,continuation_0,8,150,0.0,1.0,64,int8,none,16.462112,4130.697262,60.745548,,13.447776,0.816892,8,68,60,1,7,64,0.9375,0.875,0.125,7.5,8.5,555.777522,72.776829,4446.220177,582.214631
llama32_1b_to_31_8b,llama_cross,meta-llama/Llama-3.2-1B,meta-llama/Llama-3.1-8B,continuation,continuation_0,8,150,0.9,1.0,64,int8,none,15.443518,4144.133433,64.752085,,11.179494,0.723896,9,64,55,3,6,72,0.763889,0.666667,0.333333,6.111111,7.111111,556.524381,76.410696,5008.719428,687.696266
llama32_1b_to_31_8b,llama_cross,meta-llama/Llama-3.2-1B,meta-llama/Llama-3.1-8B,continuation,continuation_0,8,200,0.0,1.0,64,int8,none,17.443603,4127.587638,57.327606,,12.692354,0.727622,9,72,63,2,7,72,0.875,0.777778,0.222222,7,8,554.585596,72.364366,4991.270367,651.279291
llama32_1b_to_31_8b,llama_cross,meta-llama/Llama-3.2-1B,meta-llama/Llama-3.1-8B,continuation,continuation_0,8,200,0.9,1.0,64,int8,none,15.419512,4150.585393,64.852897,,7.24419,0.469807,14,64,50,11,3,112,0.446429,0.214286,0.785714,3.571429,4.571429,553.423734,74.979771,7747.932269,1049.716794
llama32_1b_to_31_8b,llama_cross,meta-llama/Llama-3.2-1B,meta-llama/Llama-3.1-8B,continuation,continuation_0,10,50,0.0,1.0,64,int8,none,15.526397,4122.012264,64.406442,,9.135615,0.588392,9,64,55,7,2,90,0.611111,0.222222,0.777778,6.111111,7.111111,701.931789,73.039806,6317.386098,657.358258
llama32_1b_to_31_8b,llama_cross,meta-llama/Llama-3.2-1B,meta-llama/Llama-3.1-8B,continuation,continuation_0,10,50,0.9,1.0,64,int8,none,15.689507,4142.896288,63.736866,,11.984184,0.763834,7,65,58,3,4,70,0.828571,0.571429,0.428571,8.285714,9.285714,691.819952,79.008028,4842.739664,553.056196
llama32_1b_to_31_8b,llama_cross,meta-llama/Llama-3.2-1B,meta-llama/Llama-3.1-8B,continuation,continuation_0,10,100,0.0,1.0,64,int8,none,16.220054,4130.689079,61.652076,,11.107889,0.684824,8,67,59,4,4,80,0.7375,0.5,0.5,7.375,8.375,676.314,73.950796,5410.512003,591.606368
llama32_1b_to_31_8b,llama_cross,meta-llama/Llama-3.2-1B,meta-llama/Llama-3.1-8B,continuation,continuation_0,10,100,0.9,1.0,64,int8,none,16.176837,4141.724338,61.816781,,10.747631,0.664384,8,67,59,4,4,80,0.7375,0.5,0.5,7.375,8.375,697.665982,77.97319,5581.327856,623.785518
llama32_1b_to_31_8b,llama_cross,meta-llama/Llama-3.2-1B,meta-llama/Llama-3.1-8B,continuation,continuation_0,10,150,0.0,1.0,64,int8,none,15.997935,4125.532385,62.508066,,14.252155,0.890875,6,66,60,0,6,60,1.0,1.0,0.0,10,11,693.325656,74.355045,4159.953934,446.13027
llama32_1b_to_31_8b,llama_cross,meta-llama/Llama-3.2-1B,meta-llama/Llama-3.1-8B,continuation,continuation_0,10,150,0.9,1.0,64,int8,none,16.417203,4141.996571,60.911714,,9.839568,0.599345,9,68,59,5,4,90,0.655556,0.444444,0.555556,6.555556,7.555556,686.887978,77.585419,6181.991801,698.268769
llama32_1b_to_31_8b,llama_cross,meta-llama/Llama-3.2-1B,meta-llama/Llama-3.1-8B,continuation,continuation_0,10,200,0.0,1.0,64,int8,none,17.215156,4124.272752,58.088349,,10.424003,0.605513,9,71,62,4,5,90,0.688889,0.555556,0.444444,6.888889,7.888889,680.50397,72.904359,6124.535727,656.139233
llama32_1b_to_31_8b,llama_cross,meta-llama/Llama-3.2-1B,meta-llama/Llama-3.1-8B,continuation,continuation_0,10,200,0.9,1.0,64,int8,none,15.926594,4144.012242,62.788064,,7.178964,0.450753,12,66,54,10,2,120,0.45,0.166667,0.833333,4.5,5.5,686.559553,76.615169,8238.71463,919.382029
llama32_1b_to_31_8b,llama_cross,meta-llama/Llama-3.2-1B,meta-llama/Llama-3.1-8B,continuation,continuation_1,4,50,0.0,1.0,64,int8,none,16.255981,4121.559809,61.515818,,12.685482,0.780358,15,67,52,2,13,60,0.866667,0.866667,0.133333,3.466667,4.466667,280.129713,69.726834,4201.945689,1045.902512
llama32_1b_to_31_8b,llama_cross,meta-llama/Llama-3.2-1B,meta-llama/Llama-3.1-8B,continuation,continuation_1,4,50,0.9,1.0,64,int8,none,15.442386,4144.437325,64.756833,,11.518216,0.745883,16,64,48,8,8,64,0.75,0.5,0.5,3,4,273.255879,71.778931,4372.09406,1148.462898
llama32_1b_to_31_8b,llama_cross,meta-llama/Llama-3.2-1B,meta-llama/Llama-3.1-8B,continuation,continuation_1,4,100,0.0,1.0,64,int8,none,16.488875,4123.992656,60.646951,,12.98421,0.787453,15,68,53,4,11,60,0.883333,0.733333,0.266667,3.533333,4.533333,277.31628,69.558487,4159.744204,1043.377311
llama32_1b_to_31_8b,llama_cross,meta-llama/Llama-3.2-1B,meta-llama/Llama-3.1-8B,continuation,continuation_1,4,100,0.9,1.0,64,int8,none,16.163538,4145.132166,61.867644,,11.864445,0.734025,16,67,51,6,10,64,0.796875,0.625,0.375,3.1875,4.1875,278.92616,71.783786,4462.818561,1148.540576
llama32_1b_to_31_8b,llama_cross,meta-llama/Llama-3.2-1B,meta-llama/Llama-3.1-8B,continuation,continuation_1,4,150,0.0,1.0,64,int8,none,15.515658,4124.865282,64.45102,,11.853453,0.763967,15,64,49,5,10,60,0.816667,0.666667,0.333333,3.266667,4.266667,287.944787,69.683712,4319.171807,1045.255674
llama32_1b_to_31_8b,llama_cross,meta-llama/Llama-3.2-1B,meta-llama/Llama-3.1-8B,continuation,continuation_1,4,150,0.9,1.0,64,int8,none,16.112587,4158.239761,62.06328,,12.425796,0.771186,15,67,52,5,10,60,0.866667,0.666667,0.333333,3.466667,4.466667,284.990652,72.164794,4274.859778,1082.471917
llama32_1b_to_31_8b,llama_cross,meta-llama/Llama-3.2-1B,meta-llama/Llama-3.1-8B,continuation,continuation_1,4,200,0.0,1.0,64,int8,none,15.487738,4132.301406,64.567209,,13.835616,0.893327,13,64,51,1,12,52,0.980769,0.923077,0.076923,3.923077,4.923077,283.560394,69.8788,3686.285123,908.424397
llama32_1b_to_31_8b,llama_cross,meta-llama/Llama-3.2-1B,meta-llama/Llama-3.1-8B,continuation,continuation_1,4,200,0.9,1.0,64,int8,none,15.417872,4151.026889,64.859795,,12.084319,0.783786,15,64,49,5,10,60,0.816667,0.666667,0.333333,3.266667,4.266667,278.838818,71.983472,4182.582269,1079.752076
llama32_1b_to_31_8b,llama_cross,meta-llama/Llama-3.2-1B,meta-llama/Llama-3.1-8B,continuation,continuation_1,6,50,0.0,1.0,64,int8,none,16.006609,4123.296895,62.474195,,13.555245,0.846853,10,66,56,1,9,60,0.933333,0.9,0.1,5.6,6.6,412.905694,71.177963,4129.05694,711.779626
llama32_1b_to_31_8b,llama_cross,meta-llama/Llama-3.2-1B,meta-llama/Llama-3.1-8B,continuation,continuation_1,6,50,0.9,1.0,64,int8,none,16.161131,4145.749341,61.876856,,11.218283,0.694152,12,67,55,3,9,72,0.763889,0.75,0.25,4.583333,5.583333,421.076418,73.980246,5052.917015,887.762946
llama32_1b_to_31_8b,llama_cross,meta-llama/Llama-3.2-1B,meta-llama/Llama-3.1-8B,continuation,continuation_1,6,100,0.0,1.0,64,int8,none,16.240903,4125.386255,61.572929,,13.657769,0.840949,10,67,57,1,9,60,0.95,0.9,0.1,5.7,6.7,416.551195,71.150424,4165.511945,711.504239
llama32_1b_to_31_8b,llama_cross,meta-llama/Llama-3.2-1B,meta-llama/Llama-3.1-8B,continuation,continuation_1,6,100,0.9,1.0,64,int8,none,15.93634,4141.478009,62.749667,,11.152688,0.699827,12,66,54,5,7,72,0.75,0.583333,0.416667,4.5,5.5,416.289931,74.140059,4995.479166,889.680714
llama32_1b_to_31_8b,llama_cross,meta-llama/Llama-3.2-1B,meta-llama/Llama-3.1-8B,continuation,continuation_1,6,150,0.0,1.0,64,int8,none,16.263973,4119.534634,61.485592,,13.519082,0.831229,10,67,57,1,9,60,0.95,0.9,0.1,5.7,6.7,421.466345,71.247336,4214.663453,712.473355
llama32_1b_to_31_8b,llama_cross,meta-llama/Llama-3.2-1B,meta-llama/Llama-3.1-8B,continuation,continuation_1,6,150,0.9,1.0,64,int8,none,16.626775,4149.932742,60.143953,,12.580968,0.756669,11,69,58,2,9,66,0.878788,0.818182,0.181818,5.272727,6.272727,421.589656,74.226173,4637.486212,816.487908
llama32_1b_to_31_8b,llama_cross,meta-llama/Llama-3.2-1B,meta-llama/Llama-3.1-8B,continuation,continuation_1,6,200,0.0,1.0,64,int8,none,16.958264,4127.780994,58.9683,,14.34848,0.846105,10,70,60,0,10,60,1.0,1.0,0.0,6,7,413.664671,71.209006,4136.646715,712.090059
llama32_1b_to_31_8b,llama_cross,meta-llama/Llama-3.2-1B,meta-llama/Llama-3.1-8B,continuation,continuation_1,6,200,0.9,1.0,64,int8,none,16.157482,4146.685603,61.89083,,10.280864,0.636291,13,67,54,6,7,78,0.692308,0.538462,0.461538,4.153846,5.153846,424.35383,74.297865,5516.599795,965.872248
llama32_1b_to_31_8b,llama_cross,meta-llama/Llama-3.2-1B,meta-llama/Llama-3.1-8B,continuation,continuation_1,8,50,0.0,1.0,64,int8,none,16.973575,4124.057559,58.915108,,12.470315,0.73469,9,70,61,3,6,72,0.847222,0.666667,0.333333,6.777778,7.777778,548.144567,72.222663,4933.301104,650.003968
llama32_1b_to_31_8b,llama_cross,meta-llama/Llama-3.2-1B,meta-llama/Llama-3.1-8B,continuation,continuation_1,8,50,0.9,1.0,64,int8,none,17.372018,4144.596268,57.563837,,10.467386,0.602543,11,72,61,5,6,88,0.693182,0.545455,0.454545,5.545455,6.545455,546.901443,75.435242,6015.915873,829.787667
llama32_1b_to_31_8b,llama_cross,meta-llama/Llama-3.2-1B,meta-llama/Llama-3.1-8B,continuation,continuation_1,8,100,0.0,1.0,64,int8,none,16.272368,4117.409419,61.453872,,11.79904,0.725097,9,67,58,4,5,72,0.805556,0.555556,0.444444,6.444444,7.444444,555.332697,72.287369,4997.994271,650.58632
llama32_1b_to_31_8b,llama_cross,meta-llama/Llama-3.2-1B,meta-llama/Llama-3.1-8B,continuation,continuation_1,8,100,0.9,1.0,64,int8,none,16.402123,4145.804794,60.967718,,11.944697,0.728241,9,68,59,3,6,72,0.819444,0.666667,0.333333,6.555556,7.555556,552.945104,76.321876,4976.505939,686.89688
llama32_1b_to_31_8b,llama_cross,meta-llama/Llama-3.2-1B,meta-llama/Llama-3.1-8B,continuation,continuation_1,8,150,0.0,1.0,64,int8,none,16.250372,4122.982628,61.537054,,11.995397,0.738161,9,67,58,4,5,72,0.805556,0.555556,0.444444,6.444444,7.444444,545.092338,72.20757,4905.831038,649.868129
llama32_1b_to_31_8b,llama_cross,meta-llama/Llama-3.2-1B,meta-llama/Llama-3.1-8B,continuation,continuation_1,8,150,0.9,1.0,64,int8,none,16.405391,4144.978929,60.955572,,11.915438,0.726312,9,68,59,3,6,72,0.819444,0.666667,0.333333,6.555556,7.555556,554.452902,76.358022,4990.076115,687.222196
llama32_1b_to_31_8b,llama_cross,meta-llama/Llama-3.2-1B,meta-llama/Llama-3.1-8B,continuation,continuation_1,8,200,0.0,1.0,64,int8,none,17.470495,4121.234113,57.239363,,14.101266,0.807147,8,72,64,0,8,64,1.0,1.0,0.0,8,9,561.765158,72.88552,4494.121265,583.08416
llama32_1b_to_31_8b,llama_cross,meta-llama/Llama-3.2-1B,meta-llama/Llama-3.1-8B,continuation,continuation_1,8,200,0.9,1.0,64,int8,none,16.411897,4143.335675,60.931407,,12.155905,0.740676,9,68,59,3,6,72,0.819444,0.666667,0.333333,6.555556,7.555556,542.121503,76.197024,4879.09353,685.773219
llama32_1b_to_31_8b,llama_cross,meta-llama/Llama-3.2-1B,meta-llama/Llama-3.1-8B,continuation,continuation_1,10,50,0.0,1.0,64,int8,none,16.741208,4121.566487,59.732848,,11.376061,0.679525,8,69,61,3,5,80,0.7625,0.625,0.375,7.625,8.625,681.496371,73.117504,5451.970965,584.94003
llama32_1b_to_31_8b,llama_cross,meta-llama/Llama-3.2-1B,meta-llama/Llama-3.1-8B,continuation,continuation_1,10,50,0.9,1.0,64,int8,none,17.633739,4139.791396,56.709471,,10.688981,0.606166,9,73,64,5,4,90,0.711111,0.444444,0.555556,7.111111,8.111111,677.998896,77.341079,6101.990062,696.069715
llama32_1b_to_31_8b,llama_cross,meta-llama/Llama-3.2-1B,meta-llama/Llama-3.1-8B,continuation,continuation_1,10,100,0.0,1.0,64,int8,none,16.280343,4115.392446,61.423768,,11.156525,0.685276,8,67,59,6,2,80,0.7375,0.25,0.75,7.375,8.375,673.665155,73.196985,5389.321244,585.57588
llama32_1b_to_31_8b,llama_cross,meta-llama/Llama-3.2-1B,meta-llama/Llama-3.1-8B,continuation,continuation_1,10,100,0.9,1.0,64,int8,none,16.905517,4140.660157,59.152288,,10.028387,0.593202,9,70,61,5,4,90,0.677778,0.444444,0.555556,6.777778,7.777778,694.190906,77.779363,6247.718157,700.014268
llama32_1b_to_31_8b,llama_cross,meta-llama/Llama-3.2-1B,meta-llama/Llama-3.1-8B,continuation,continuation_1,10,150,0.0,1.0,64,int8,none,16.996854,4118.409198,58.834417,,11.517666,0.677635,8,70,62,3,5,80,0.775,0.625,0.375,7.75,8.75,682.695437,73.358114,5461.563499,586.86491
llama32_1b_to_31_8b,llama_cross,meta-llama/Llama-3.2-1B,meta-llama/Llama-3.1-8B,continuation,continuation_1,10,150,0.9,1.0,64,int8,none,16.176257,4141.872967,61.819,,10.713726,0.662312,8,67,59,4,4,80,0.7375,0.5,0.5,7.375,8.375,700.251213,77.919527,5602.009707,623.356216
llama32_1b_to_31_8b,llama_cross,meta-llama/Llama-3.2-1B,meta-llama/Llama-3.1-8B,continuation,continuation_1,10,200,0.0,1.0,64,int8,none,15.512165,4125.794171,64.465534,,10.583624,0.682279,8,64,56,5,3,80,0.7,0.375,0.625,7,8,679.126618,73.189918,5433.012941,585.519347
llama32_1b_to_31_8b,llama_cross,meta-llama/Llama-3.2-1B,meta-llama/Llama-3.1-8B,continuation,continuation_1,10,200,0.9,1.0,64,int8,none,15.926192,4144.116735,62.789647,,10.659562,0.66931,8,66,58,4,4,80,0.725,0.5,0.5,7.25,8.25,692.127073,78.188987,5537.016588,625.511894
llama32_1b_to_31_8b,llama_cross,meta-llama/Llama-3.2-1B,meta-llama/Llama-3.1-8B,code_completion,code_completion_0,4,50,0.0,1.0,64,int8,none,15.512493,4125.706981,64.464172,,12.562684,0.809843,14,64,50,3,11,56,0.892857,0.785714,0.214286,3.571429,4.571429,291.728518,69.800076,4084.199255,977.201059
llama32_1b_to_31_8b,llama_cross,meta-llama/Llama-3.2-1B,meta-llama/Llama-3.1-8B,code_completion,code_completion_0,4,50,0.9,1.0,64,int8,none,16.401186,4146.041732,60.971202,,12.300903,0.750001,15,68,53,3,12,60,0.883333,0.8,0.2,3.533333,4.533333,294.138537,72.032637,4412.078049,1080.48956
llama32_1b_to_31_8b,llama_cross,meta-llama/Llama-3.2-1B,meta-llama/Llama-3.1-8B,code_completion,code_completion_0,4,100,0.0,1.0,64,int8,none,15.520275,4123.638154,64.431846,,10.011792,0.645078,18,64,46,8,10,72,0.638889,0.555556,0.444444,2.555556,3.555556,283.691514,69.358901,5106.447258,1248.460217
llama32_1b_to_31_8b,llama_cross,meta-llama/Llama-3.2-1B,meta-llama/Llama-3.1-8B,code_completion,code_completion_0,4,100,0.9,1.0,64,int8,none,16.404476,4145.210108,60.958972,,11.326344,0.690442,16,68,52,4,12,64,0.8125,0.75,0.25,3.25,4.25,301.181122,71.827631,4818.897957,1149.24209
llama32_1b_to_31_8b,llama_cross,meta-llama/Llama-3.2-1B,meta-llama/Llama-3.1-8B,code_completion,code_completion_0,4,150,0.0,1.0,64,int8,none,15.505409,4127.591778,64.493622,,10.003044,0.645133,18,64,46,8,10,72,0.638889,0.555556,0.444444,2.555556,3.555556,284.008984,69.363291,5112.161704,1248.539239
llama32_1b_to_31_8b,llama_cross,meta-llama/Llama-3.2-1B,meta-llama/Llama-3.1-8B,code_completion,code_completion_0,4,150,0.9,1.0,64,int8,none,15.90752,4148.981202,62.863352,,12.070452,0.758789,15,66,51,3,12,60,0.85,0.8,0.2,3.4,4.4,290.510855,71.821919,4357.662823,1077.328784
llama32_1b_to_31_8b,llama_cross,meta-llama/Llama-3.2-1B,meta-llama/Llama-3.1-8B,code_completion,code_completion_0,4,200,0.0,1.0,64,int8,none,15.531367,4120.693366,64.385834,,9.993655,0.64345,18,64,46,8,10,72,0.638889,0.555556,0.444444,2.555556,3.555556,284.24311,69.395426,5116.375987,1249.117677
llama32_1b_to_31_8b,llama_cross,meta-llama/Llama-3.2-1B,meta-llama/Llama-3.1-8B,code_completion,code_completion_0,4,200,0.9,1.0,64,int8,none,15.922596,4145.052845,62.803831,,11.802137,0.741219,15,66,51,3,12,60,0.85,0.8,0.2,3.4,4.4,298.139341,72.462059,4472.090122,1086.930883
llama32_1b_to_31_8b,llama_cross,meta-llama/Llama-3.2-1B,meta-llama/Llama-3.1-8B,code_completion,code_completion_0,6,50,0.0,1.0,64,int8,none,16.745057,4120.618934,59.719115,,12.315809,0.735489,11,69,58,2,9,66,0.878788,0.818182,0.181818,5.272727,6.272727,435.736426,70.79596,4793.100686,778.755556
llama32_1b_to_31_8b,llama_cross,meta-llama/Llama-3.2-1B,meta-llama/Llama-3.1-8B,code_completion,code_completion_0,6,50,0.9,1.0,64,int8,none,16.632109,4148.60185,60.124664,,10.743085,0.645924,13,69,56,6,7,78,0.717949,0.538462,0.461538,4.307692,5.307692,418.061235,73.36683,5434.796056,953.768796
llama32_1b_to_31_8b,llama_cross,meta-llama/Llama-3.2-1B,meta-llama/Llama-3.1-8B,code_completion,code_completion_0,6,100,0.0,1.0,64,int8,none,16.964085,4126.364683,58.948067,,10.866346,0.64055,13,70,57,5,8,78,0.730769,0.615385,0.384615,4.384615,5.384615,422.372822,70.484516,5490.84669,916.298704
llama32_1b_to_31_8b,llama_cross,meta-llama/Llama-3.2-1B,meta-llama/Llama-3.1-8B,code_completion,code_completion_0,6,100,0.9,1.0,64,int8,none,16.663226,4140.854727,60.012387,,11.39146,0.683629,12,69,57,3,9,72,0.791667,0.75,0.25,4.75,5.75,428.540676,73.57164,5142.488116,882.859686
llama32_1b_to_31_8b,llama_cross,meta-llama/Llama-3.2-1B,meta-llama/Llama-3.1-8B,code_completion,code_completion_0,6,150,0.0,1.0,64,int8,none,16.256212,4121.501415,61.514946,,11.240655,0.691468,12,67,55,3,9,72,0.763889,0.75,0.25,4.583333,5.583333,423.569082,70.554867,5082.828988,846.658404
llama32_1b_to_31_8b,llama_cross,meta-llama/Llama-3.2-1B,meta-llama/Llama-3.1-8B,code_completion,code_completion_0,6,150,0.9,1.0,64,int8,none,16.651586,4143.749529,60.054341,,11.189288,0.671965,12,69,57,3,9,72,0.791667,0.75,0.25,4.75,5.75,437.413421,73.747347,5248.961048,884.968164
llama32_1b_to_31_8b,llama_cross,meta-llama/Llama-3.2-1B,meta-llama/Llama-3.1-8B,code_completion,code_completion_0,6,200,0.0,1.0,64,int8,none,16.23958,4125.722379,61.577946,,11.12264,0.684909,12,67,55,3,9,72,0.763889,0.75,0.25,4.583333,5.583333,428.370052,70.949585,5140.440621,851.395018
llama32_1b_to_31_8b,llama_cross,meta-llama/Llama-3.2-1B,meta-llama/Llama-3.1-8B,code_completion,code_completion_0,6,200,0.9,1.0,64,int8,none,16.643346,4145.801009,60.084073,,11.313847,0.679782,12,69,57,3,9,72,0.791667,0.75,0.25,4.75,5.75,431.945287,73.619562,5183.343441,883.434744
llama32_1b_to_31_8b,llama_cross,meta-llama/Llama-3.2-1B,meta-llama/Llama-3.1-8B,code_completion,code_completion_0,8,50,0.0,1.0,64,int8,none,17.474254,4120.347614,57.22705,,8.775225,0.50218,13,72,59,7,6,104,0.567308,0.461538,0.538462,4.538462,5.538462,557.095882,71.318415,7242.246469,927.1394
llama32_1b_to_31_8b,llama_cross,meta-llama/Llama-3.2-1B,meta-llama/Llama-3.1-8B,code_completion,code_completion_0,8,50,0.9,1.0,64,int8,none,16.175521,4142.061234,61.821809,,11.615011,0.718061,9,67,58,2,7,72,0.805556,0.777778,0.222222,6.444444,7.444444,561.768955,76.006576,5055.920594,684.059182
llama32_1b_to_31_8b,llama_cross,meta-llama/Llama-3.2-1B,meta-llama/Llama-3.1-8B,code_completion,code_completion_0,8,100,0.0,1.0,64,int8,none,16.983563,4121.632254,58.880461,,9.341708,0.550044,12,70,58,9,3,96,0.604167,0.25,0.75,4.833333,5.833333,549.851226,71.582226,6598.214713,858.986712
llama32_1b_to_31_8b,llama_cross,meta-llama/Llama-3.2-1B,meta-llama/Llama-3.1-8B,code_completion,code_completion_0,8,100,0.9,1.0,64,int8,none,16.67631,4137.605965,59.965304,,10.510881,0.630288,10,69,59,3,7,80,0.7375,0.7,0.3,5.9,6.9,577.800967,75.623385,5778.009666,756.233848
llama32_1b_to_31_8b,llama_cross,meta-llama/Llama-3.2-1B,meta-llama/Llama-3.1-8B,code_completion,code_completion_0,8,150,0.0,1.0,64,int8,none,17.48147,4118.646689,57.203426,,8.409321,0.481042,14,72,58,11,3,112,0.517857,0.214286,0.785714,4.142857,5.142857,537.537401,71.262241,7525.523614,997.671377
llama32_1b_to_31_8b,llama_cross,meta-llama/Llama-3.2-1B,meta-llama/Llama-3.1-8B,code_completion,code_completion_0,8,150,0.9,1.0,64,int8,none,16.671496,4138.800638,59.982618,,10.586745,0.635021,10,69,59,3,7,80,0.7375,0.7,0.3,5.9,6.9,573.129153,75.608351,5731.291527,756.083508
llama32_1b_to_31_8b,llama_cross,meta-llama/Llama-3.2-1B,meta-llama/Llama-3.1-8B,code_completion,code_completion_0,8,200,0.0,1.0,64,int8,none,15.765236,4122.995606,63.430702,,8.62905,0.547347,12,65,53,10,2,96,0.552083,0.166667,0.833333,4.416667,5.416667,553.141405,71.613711,6637.69686,859.364538
llama32_1b_to_31_8b,llama_cross,meta-llama/Llama-3.2-1B,meta-llama/Llama-3.1-8B,code_completion,code_completion_0,8,200,0.9,1.0,64,int8,none,16.671989,4138.678239,59.980844,,10.256009,0.615164,10,69,59,3,7,80,0.7375,0.7,0.3,5.9,6.9,593.591917,76.022052,5935.919175,760.220519
llama32_1b_to_31_8b,llama_cross,meta-llama/Llama-3.2-1B,meta-llama/Llama-3.1-8B,code_completion,code_completion_0,10,50,0.0,1.0,64,int8,none,16.974102,4123.92957,58.91328,,12.509452,0.736973,7,70,63,1,6,70,0.9,0.857143,0.142857,9,10,721.861816,73.577813,5053.032709,515.044692
llama32_1b_to_31_8b,llama_cross,meta-llama/Llama-3.2-1B,meta-llama/Llama-3.1-8B,code_completion,code_completion_0,10,50,0.9,1.0,64,int8,none,16.884423,4145.833076,59.226187,,9.897832,0.586211,9,70,61,6,3,90,0.677778,0.333333,0.666667,6.777778,7.777778,704.775291,77.467074,6342.977618,697.203665
llama32_1b_to_31_8b,llama_cross,meta-llama/Llama-3.2-1B,meta-llama/Llama-3.1-8B,code_completion,code_completion_0,10,100,0.0,1.0,64,int8,none,15.74898,4127.251467,63.496176,,7.727134,0.490643,11,65,54,11,0,110,0.490909,0.0,1.0,4.909091,5.909091,689.157613,72.377961,7580.733747,796.157575
llama32_1b_to_31_8b,llama_cross,meta-llama/Llama-3.2-1B,meta-llama/Llama-3.1-8B,code_completion,code_completion_0,10,100,0.9,1.0,64,int8,none,17.384335,4141.659792,57.523053,,9.962546,0.573076,9,72,63,3,6,90,0.7,0.666667,0.333333,7,8,722.231706,77.289723,6500.085357,695.607506
llama32_1b_to_31_8b,llama_cross,meta-llama/Llama-3.2-1B,meta-llama/Llama-3.1-8B,code_completion,code_completion_0,10,150,0.0,1.0,64,int8,none,17.945591,4123.575626,55.723995,,8.012819,0.446506,12,74,62,11,1,120,0.516667,0.083333,0.916667,5.166667,6.166667,693.980883,72.343143,8327.770601,868.117717
llama32_1b_to_31_8b,llama_cross,meta-llama/Llama-3.2-1B,meta-llama/Llama-3.1-8B,code_completion,code_completion_0,10,150,0.9,1.0,64,int8,none,17.594982,4148.910282,56.834387,,9.098427,0.517104,10,73,63,4,6,100,0.63,0.6,0.4,6.3,7.3,722.280023,76.881982,7222.80023,768.819818
llama32_1b_to_31_8b,llama_cross,meta-llama/Llama-3.2-1B,meta-llama/Llama-3.1-8B,code_completion,code_completion_0,10,200,0.0,1.0,64,int8,none,16.488988,4123.964382,60.646535,,7.378318,0.447469,12,68,56,12,0,120,0.466667,0.0,1.0,4.666667,5.666667,692.394055,72.409407,8308.728655,868.912886
llama32_1b_to_31_8b,llama_cross,meta-llama/Llama-3.2-1B,meta-llama/Llama-3.1-8B,code_completion,code_completion_0,10,200,0.9,1.0,64,int8,none,17.598898,4147.986916,56.821739,,9.142923,0.519517,10,73,63,4,6,100,0.63,0.6,0.4,6.3,7.3,718.274892,76.900217,7182.748917,769.002169
llama32_1b_to_31_8b,llama_cross,meta-llama/Llama-3.2-1B,meta-llama/Llama-3.1-8B,code_completion,code_completion_1,4,50,0.0,1.0,64,int8,none,16.479017,4126.459686,60.683231,,12.407443,0.752924,15,68,53,2,13,60,0.883333,0.866667,0.133333,3.533333,4.533333,293.799838,69.262256,4406.997575,1038.933843
llama32_1b_to_31_8b,llama_cross,meta-llama/Llama-3.2-1B,meta-llama/Llama-3.1-8B,code_completion,code_completion_1,4,50,0.9,1.0,64,int8,none,16.438679,4136.585319,60.832137,,10.521628,0.640053,18,68,50,8,10,72,0.694444,0.555556,0.444444,2.777778,3.777778,285.650145,71.187582,5141.702607,1281.376483
llama32_1b_to_31_8b,llama_cross,meta-llama/Llama-3.2-1B,meta-llama/Llama-3.1-8B,code_completion,code_completion_1,4,100,0.0,1.0,64,int8,none,16.271525,4117.622589,61.457054,,13.180287,0.810022,14,67,53,1,13,56,0.946429,0.928571,0.071429,3.785714,4.785714,291.331085,69.401189,4078.635183,971.616651
llama32_1b_to_31_8b,llama_cross,meta-llama/Llama-3.2-1B,meta-llama/Llama-3.1-8B,code_completion,code_completion_1,4,100,0.9,1.0,64,int8,none,15.716926,4135.668822,63.625674,,10.685135,0.679849,17,65,48,8,9,68,0.705882,0.529412,0.470588,2.823529,3.823529,284.532461,71.078308,4837.051839,1208.331232
llama32_1b_to_31_8b,llama_cross,meta-llama/Llama-3.2-1B,meta-llama/Llama-3.1-8B,code_completion,code_completion_1,4,150,0.0,1.0,64,int8,none,16.261186,4120.240691,61.49613,,13.240937,0.814266,14,67,53,1,13,56,0.946429,0.928571,0.071429,3.785714,4.785714,289.954988,69.195054,4059.36983,968.730752
llama32_1b_to_31_8b,llama_cross,meta-llama/Llama-3.2-1B,meta-llama/Llama-3.1-8B,code_completion,code_completion_1,4,150,0.9,1.0,64,int8,none,15.934087,4142.063378,62.758536,,12.400506,0.778238,15,66,51,3,12,60,0.85,0.8,0.2,3.4,4.4,281.491699,71.138097,4222.375478,1067.071458
llama32_1b_to_31_8b,llama_cross,meta-llama/Llama-3.2-1B,meta-llama/Llama-3.1-8B,code_completion,code_completion_1,4,200,0.0,1.0,64,int8,none,16.246618,4123.935309,61.551273,,13.404977,0.825093,14,67,53,1,13,56,0.946429,0.928571,0.071429,3.785714,4.785714,285.459726,69.233812,3996.436161,969.273364
llama32_1b_to_31_8b,llama_cross,meta-llama/Llama-3.2-1B,meta-llama/Llama-3.1-8B,code_completion,code_completion_1,4,200,0.9,1.0,64,int8,none,16.424714,4140.102494,60.88386,,11.753684,0.71561,16,68,52,5,11,64,0.8125,0.6875,0.3125,3.25,4.25,288.027518,71.259502,4608.440283,1140.152039
llama32_1b_to_31_8b,llama_cross,meta-llama/Llama-3.2-1B,meta-llama/Llama-3.1-8B,code_completion,code_completion_1,6,50,0.0,1.0,64,int8,none,15.772843,4121.007267,63.400112,,11.722144,0.743185,11,65,54,3,8,66,0.818182,0.727273,0.272727,4.909091,5.909091,430.962307,70.369281,4740.585374,774.062094
llama32_1b_to_31_8b,llama_cross,meta-llama/Llama-3.2-1B,meta-llama/Llama-3.1-8B,code_completion,code_completion_1,6,50,0.9,1.0,64,int8,none,16.158437,4146.440736,61.887175,,8.960569,0.554544,15,67,52,10,5,90,0.577778,0.333333,0.666667,3.466667,4.466667,423.155797,72.690461,6347.336953,1090.356921
llama32_1b_to_31_8b,llama_cross,meta-llama/Llama-3.2-1B,meta-llama/Llama-3.1-8B,code_completion,code_completion_1,6,100,0.0,1.0,64,int8,none,15.782545,4118.473888,63.361137,,11.87592,0.752472,11,65,54,3,8,66,0.818182,0.727273,0.272727,4.909091,5.909091,424.533103,70.306055,4669.864129,773.366603
llama32_1b_to_31_8b,llama_cross,meta-llama/Llama-3.2-1B,meta-llama/Llama-3.1-8B,code_completion,code_completion_1,6,100,0.9,1.0,64,int8,none,15.717456,4135.529252,63.623527,,11.019202,0.70108,12,65,53,4,8,72,0.736111,0.666667,0.333333,4.416667,5.416667,415.873783,73.070931,4990.485398,876.851176
llama32_1b_to_31_8b,llama_cross,meta-llama/Llama-3.2-1B,meta-llama/Llama-3.1-8B,code_completion,code_completion_1,6,150,0.0,1.0,64,int8,none,15.779424,4119.288439,63.373668,,9.975102,0.632159,13,65,52,7,6,78,0.666667,0.461538,0.538462,4,5,428.214538,70.406152,5566.788993,915.279982
llama32_1b_to_31_8b,llama_cross,meta-llama/Llama-3.2-1B,meta-llama/Llama-3.1-8B,code_completion,code_completion_1,6,150,0.9,1.0,64,int8,none,16.430947,4138.532019,60.860765,,12.552693,0.763966,11,68,57,2,9,66,0.863636,0.818182,0.181818,5.181818,6.181818,416.685568,73.068347,4583.541245,803.751818
llama32_1b_to_31_8b,llama_cross,meta-llama/Llama-3.2-1B,meta-llama/Llama-3.1-8B,code_completion,code_completion_1,6,200,0.0,1.0,64,int8,none,15.530614,4120.893213,64.388956,,11.856602,0.763434,11,64,53,3,8,66,0.80303,0.727273,0.272727,4.818182,5.818182,417.864184,70.177744,4596.506019,771.955181
llama32_1b_to_31_8b,llama_cross,meta-llama/Llama-3.2-1B,meta-llama/Llama-3.1-8B,code_completion,code_completion_1,6,200,0.9,1.0,64,int8,none,16.418933,4141.560109,60.905296,,12.629106,0.769179,11,68,57,2,9,66,0.863636,0.818182,0.181818,5.181818,6.181818,413.872224,72.910128,4552.594466,802.011412
llama32_1b_to_31_8b,llama_cross,meta-llama/Llama-3.2-1B,meta-llama/Llama-3.1-8B,code_completion,code_completion_1,8,50,0.0,1.0,64,int8,none,15.786501,4117.441738,63.345258,,12.433554,0.787607,8,65,57,1,7,64,0.890625,0.875,0.125,7.125,8.125,578.277778,71.757896,4626.222227,574.063166
llama32_1b_to_31_8b,llama_cross,meta-llama/Llama-3.2-1B,meta-llama/Llama-3.1-8B,code_completion,code_completion_1,8,50,0.9,1.0,64,int8,none,16.692936,4133.48497,59.905579,,9.113208,0.545932,12,69,57,7,5,96,0.59375,0.416667,0.583333,4.75,5.75,553.867628,74.193987,6646.411538,890.327847
llama32_1b_to_31_8b,llama_cross,meta-llama/Llama-3.2-1B,meta-llama/Llama-3.1-8B,code_completion,code_completion_1,8,100,0.0,1.0,64,int8,none,15.800502,4113.793246,63.289127,,12.69907,0.803713,8,65,57,1,7,64,0.890625,0.875,0.125,7.125,8.125,564.960091,71.526279,4519.680727,572.210229
llama32_1b_to_31_8b,llama_cross,meta-llama/Llama-3.2-1B,meta-llama/Llama-3.1-8B,code_completion,code_completion_1,8,100,0.9,1.0,64,int8,none,15.952526,4137.27579,62.685997,,11.730468,0.735336,9,66,57,3,6,72,0.791667,0.666667,0.333333,6.333333,7.333333,547.125786,74.826457,4924.132078,673.438114
llama32_1b_to_31_8b,llama_cross,meta-llama/Llama-3.2-1B,meta-llama/Llama-3.1-8B,code_completion,code_completion_1,8,150,0.0,1.0,64,int8,none,15.769226,4121.952572,63.414655,,12.438928,0.78881,8,65,57,1,7,64,0.890625,0.875,0.125,7.125,8.125,578.219298,71.619447,4625.754383,572.955578
llama32_1b_to_31_8b,llama_cross,meta-llama/Llama-3.2-1B,meta-llama/Llama-3.1-8B,code_completion,code_completion_1,8,150,0.9,1.0,64,int8,none,16.401923,4145.855322,60.968461,,11.808917,0.719972,9,68,59,2,7,72,0.819444,0.777778,0.222222,6.555556,7.555556,561.239323,75.268844,5051.153909,677.419598
llama32_1b_to_31_8b,llama_cross,meta-llama/Llama-3.2-1B,meta-llama/Llama-3.1-8B,code_completion,code_completion_1,8,200,0.0,1.0,64,int8,none,16.974539,4123.823351,58.911762,,10.136919,0.597184,11,70,59,4,7,88,0.670455,0.636364,0.363636,5.363636,6.363636,553.763932,71.061975,6091.403251,781.681727
llama32_1b_to_31_8b,llama_cross,meta-llama/Llama-3.2-1B,meta-llama/Llama-3.1-8B,code_completion,code_completion_1,8,200,0.9,1.0,64,int8,none,15.432256,4147.157716,64.799339,,9.168281,0.594099,11,64,53,6,5,88,0.602273,0.454545,0.545455,4.818182,5.818182,557.119147,74.555383,6128.310615,820.109208
llama32_1b_to_31_8b,llama_cross,meta-llama/Llama-3.2-1B,meta-llama/Llama-3.1-8B,code_completion,code_completion_1,10,50,0.0,1.0,64,int8,none,17.18947,4130.435675,58.17515,,10.050768,0.584705,9,71,62,3,6,90,0.688889,0.666667,0.333333,6.888889,7.888889,709.310028,72.168021,6383.790252,649.512193
llama32_1b_to_31_8b,llama_cross,meta-llama/Llama-3.2-1B,meta-llama/Llama-3.1-8B,code_completion,code_completion_1,10,50,0.9,1.0,64,int8,none,17.084274,4155.868784,58.533363,,7.762001,0.454336,12,71,59,9,3,120,0.491667,0.25,0.75,4.916667,5.916667,683.858135,75.355621,8206.29762,904.267455
llama32_1b_to_31_8b,llama_cross,meta-llama/Llama-3.2-1B,meta-llama/Llama-3.1-8B,code_completion,code_completion_1,10,100,0.0,1.0,64,int8,none,17.921996,4129.004301,55.797355,,10.606523,0.591816,9,74,65,4,5,90,0.722222,0.555556,0.444444,7.222222,8.222222,699.577759,72.056024,6296.199832,648.504218
llama32_1b_to_31_8b,llama_cross,meta-llama/Llama-3.2-1B,meta-llama/Llama-3.1-8B,code_completion,code_completion_1,10,100,0.9,1.0,64,int8,none,17.360512,4147.343202,57.601989,,10.451886,0.602049,9,72,63,4,5,90,0.7,0.555556,0.444444,7,8,685.77499,76.14679,6171.974908,685.321113
llama32_1b_to_31_8b,llama_cross,meta-llama/Llama-3.2-1B,meta-llama/Llama-3.1-8B,code_completion,code_completion_1,10,150,0.0,1.0,64,int8,none,15.742999,4128.819545,63.520301,,10.245596,0.650803,8,65,57,4,4,80,0.7125,0.5,0.5,7.125,8.125,716.922059,72.367776,5735.376469,578.942205
llama32_1b_to_31_8b,llama_cross,meta-llama/Llama-3.2-1B,meta-llama/Llama-3.1-8B,code_completion,code_completion_1,10,150,0.9,1.0,64,int8,none,17.594607,4148.998505,56.835596,,8.514515,0.483928,11,73,62,7,4,110,0.563636,0.363636,0.636364,5.636364,6.636364,700.47485,75.729991,7705.223351,833.029898
llama32_1b_to_31_8b,llama_cross,meta-llama/Llama-3.2-1B,meta-llama/Llama-3.1-8B,code_completion,code_completion_1,10,200,0.0,1.0,64,int8,none,15.740702,4129.421865,63.529567,,9.41268,0.597983,9,65,56,6,3,90,0.622222,0.333333,0.666667,6.222222,7.222222,691.881706,72.039428,6226.935353,648.354854
llama32_1b_to_31_8b,llama_cross,meta-llama/Llama-3.2-1B,meta-llama/Llama-3.1-8B,code_completion,code_completion_1,10,200,0.9,1.0,64,int8,none,17.621944,4142.562149,56.747427,,8.811365,0.500022,11,73,62,7,4,110,0.563636,0.363636,0.636364,5.636364,6.636364,674.535157,75.501861,7419.88673,830.520476
llama32_1b_to_31_8b,llama_cross,meta-llama/Llama-3.2-1B,meta-llama/Llama-3.1-8B,structured_extraction,structured_extraction_0,4,50,0.0,1.0,64,int8,none,15.757963,4124.898567,63.459978,,13.69812,0.869282,13,65,52,0,13,52,1.0,1.0,0.0,4,5,293.000603,69.728639,3809.007837,906.472307
llama32_1b_to_31_8b,llama_cross,meta-llama/Llama-3.2-1B,meta-llama/Llama-3.1-8B,structured_extraction,structured_extraction_0,4,50,0.9,1.0,64,int8,none,16.168602,4143.833823,61.848266,,11.682139,0.72252,16,67,51,6,10,64,0.796875,0.625,0.375,3.1875,4.1875,284.498848,71.688627,4551.981564,1147.018033
llama32_1b_to_31_8b,llama_cross,meta-llama/Llama-3.2-1B,meta-llama/Llama-3.1-8B,structured_extraction,structured_extraction_0,4,100,0.0,1.0,64,int8,none,15.7717,4121.305787,63.404704,,13.50767,0.85645,13,65,52,0,13,52,1.0,1.0,0.0,4,5,297.826557,69.97612,3871.745246,909.689565
llama32_1b_to_31_8b,llama_cross,meta-llama/Llama-3.2-1B,meta-llama/Llama-3.1-8B,structured_extraction,structured_extraction_0,4,100,0.9,1.0,64,int8,none,16.149706,4148.682371,61.920632,,12.993166,0.804545,14,67,53,2,12,56,0.946429,0.857143,0.142857,3.785714,4.785714,294.062511,71.946483,4116.875149,1007.250764
llama32_1b_to_31_8b,llama_cross,meta-llama/Llama-3.2-1B,meta-llama/Llama-3.1-8B,structured_extraction,structured_extraction_0,4,150,0.0,1.0,64,int8,none,15.738829,4129.913352,63.537128,,13.642572,0.86681,13,65,52,0,13,52,1.0,1.0,0.0,4,5,294.422299,69.771059,3827.489883,907.023763
llama32_1b_to_31_8b,llama_cross,meta-llama/Llama-3.2-1B,meta-llama/Llama-3.1-8B,structured_extraction,structured_extraction_0,4,150,0.9,1.0,64,int8,none,15.692123,4142.205565,63.726239,,12.893638,0.821663,14,65,51,2,12,56,0.910714,0.857143,0.142857,3.642857,4.642857,285.884824,71.937459,4002.387532,1007.124432
llama32_1b_to_31_8b,llama_cross,meta-llama/Llama-3.2-1B,meta-llama/Llama-3.1-8B,structured_extraction,structured_extraction_0,4,200,0.0,1.0,64,int8,none,15.51593,4124.793013,64.449891,,12.786948,0.824117,14,64,50,2,12,56,0.892857,0.857143,0.142857,3.571429,4.571429,285.69502,69.590532,3999.730278,974.267448
llama32_1b_to_31_8b,llama_cross,meta-llama/Llama-3.2-1B,meta-llama/Llama-3.1-8B,structured_extraction,structured_extraction_0,4,200,0.9,1.0,64,int8,none,16.160217,4145.984024,61.880359,,12.335557,0.763329,15,67,52,3,12,60,0.866667,0.8,0.2,3.466667,4.466667,287.978957,71.854151,4319.684354,1077.812261
llama32_1b_to_31_8b,llama_cross,meta-llama/Llama-3.2-1B,meta-llama/Llama-3.1-8B,structured_extraction,structured_extraction_0,6,50,0.0,1.0,64,int8,none,16.012677,4121.734171,62.450518,,10.307103,0.643684,13,66,53,5,8,78,0.679487,0.615385,0.384615,4.076923,5.076923,419.55777,70.427732,5454.251005,915.560511
llama32_1b_to_31_8b,llama_cross,meta-llama/Llama-3.2-1B,meta-llama/Llama-3.1-8B,structured_extraction,structured_extraction_0,6,50,0.9,1.0,64,int8,none,15.693864,4141.746109,63.719171,,11.57112,0.737302,11,65,54,3,8,66,0.818182,0.727273,0.272727,4.909091,5.909091,433.909208,74.016937,4773.00129,814.186312
llama32_1b_to_31_8b,llama_cross,meta-llama/Llama-3.2-1B,meta-llama/Llama-3.1-8B,structured_extraction,structured_extraction_0,6,100,0.0,1.0,64,int8,none,16.973679,4124.032321,58.914747,,13.036713,0.768055,11,70,59,3,8,66,0.893939,0.727273,0.272727,5.363636,6.363636,414.583029,70.615665,4560.413321,776.772311
llama32_1b_to_31_8b,llama_cross,meta-llama/Llama-3.2-1B,meta-llama/Llama-3.1-8B,structured_extraction,structured_extraction_0,6,100,0.9,1.0,64,int8,none,15.691201,4142.449108,63.729986,,11.696432,0.745413,11,65,54,2,9,66,0.818182,0.818182,0.181818,4.909091,5.909091,428.667301,73.9066,4715.340313,812.972595
llama32_1b_to_31_8b,llama_cross,meta-llama/Llama-3.2-1B,meta-llama/Llama-3.1-8B,structured_extraction,structured_extraction_0,6,150,0.0,1.0,64,int8,none,16.960168,4127.317654,58.961681,,11.915378,0.702551,12,70,58,6,6,72,0.805556,0.5,0.5,4.833333,5.833333,416.180976,70.500319,4994.171709,846.003827
llama32_1b_to_31_8b,llama_cross,meta-llama/Llama-3.2-1B,meta-llama/Llama-3.1-8B,structured_extraction,structured_extraction_0,6,150,0.9,1.0,64,int8,none,15.699072,4140.372119,63.698033,,9.467896,0.603086,14,65,51,7,7,84,0.607143,0.5,0.5,3.642857,4.642857,414.866823,73.080222,5808.135526,1023.123103
llama32_1b_to_31_8b,llama_cross,meta-llama/Llama-3.2-1B,meta-llama/Llama-3.1-8B,structured_extraction,structured_extraction_0,6,200,0.0,1.0,64,int8,none,15.770872,4121.522274,63.408035,,11.759325,0.745636,11,65,54,3,8,66,0.818182,0.727273,0.272727,4.909091,5.909091,428.969715,70.701489,4718.666866,777.716375
llama32_1b_to_31_8b,llama_cross,meta-llama/Llama-3.2-1B,meta-llama/Llama-3.1-8B,structured_extraction,structured_extraction_0,6,200,0.9,1.0,64,int8,none,15.706343,4138.455285,63.668543,,9.340056,0.594668,14,65,51,7,7,84,0.607143,0.5,0.5,3.642857,4.642857,421.444948,73.187539,5900.229277,1024.625545
llama32_1b_to_31_8b,llama_cross,meta-llama/Llama-3.2-1B,meta-llama/Llama-3.1-8B,structured_extraction,structured_extraction_0,8,50,0.0,1.0,64,int8,none,17.480825,4118.798628,57.205536,,13.735784,0.785763,8,72,64,0,8,64,1.0,1.0,0.0,8,9,579.395097,72.31112,4635.160779,578.488959
llama32_1b_to_31_8b,llama_cross,meta-llama/Llama-3.2-1B,meta-llama/Llama-3.1-8B,structured_extraction,structured_extraction_0,8,50,0.9,1.0,64,int8,none,17.36592,4146.05162,57.58405,,13.749133,0.791731,8,72,64,0,8,64,1.0,1.0,0.0,8,9,574.531291,76.421954,4596.250325,611.375629
llama32_1b_to_31_8b,llama_cross,meta-llama/Llama-3.2-1B,meta-llama/Llama-3.1-8B,structured_extraction,structured_extraction_0,8,100,0.0,1.0,64,int8,none,17.433814,4129.905155,57.359794,,14.104074,0.809007,8,72,64,0,8,64,1.0,1.0,0.0,8,9,562.567012,72.09428,4500.536096,576.754242
llama32_1b_to_31_8b,llama_cross,meta-llama/Llama-3.2-1B,meta-llama/Llama-3.1-8B,structured_extraction,structured_extraction_0,8,100,0.9,1.0,64,int8,none,16.658603,4142.004006,60.029044,,11.666534,0.700331,9,69,60,2,7,72,0.833333,0.777778,0.222222,6.666667,7.666667,577.975062,75.843683,5201.775561,682.593144
llama32_1b_to_31_8b,llama_cross,meta-llama/Llama-3.2-1B,meta-llama/Llama-3.1-8B,structured_extraction,structured_extraction_0,8,150,0.0,1.0,64,int8,none,17.449851,4126.109789,57.30708,,13.82242,0.792123,8,72,64,0,8,64,1.0,1.0,0.0,8,9,575.178466,72.399305,4601.427725,579.194438
llama32_1b_to_31_8b,llama_cross,meta-llama/Llama-3.2-1B,meta-llama/Llama-3.1-8B,structured_extraction,structured_extraction_0,8,150,0.9,1.0,64,int8,none,16.660094,4141.633301,60.023671,,11.686437,0.701463,9,69,60,2,7,72,0.833333,0.777778,0.222222,6.666667,7.666667,576.796193,75.968326,5191.165733,683.714938
llama32_1b_to_31_8b,llama_cross,meta-llama/Llama-3.2-1B,meta-llama/Llama-3.1-8B,structured_extraction,structured_extraction_0,8,200,0.0,1.0,64,int8,none,17.44814,4126.514341,57.312699,,13.930726,0.798408,8,72,64,0,8,64,1.0,1.0,0.0,8,9,570.314118,72.213594,4562.512941,577.708754
llama32_1b_to_31_8b,llama_cross,meta-llama/Llama-3.2-1B,meta-llama/Llama-3.1-8B,structured_extraction,structured_extraction_0,8,200,0.9,1.0,64,int8,none,16.64644,4145.030426,60.072905,,11.630256,0.698663,9,69,60,2,7,72,0.833333,0.777778,0.222222,6.666667,7.666667,579.935573,76.050836,5219.420161,684.457524
llama32_1b_to_31_8b,llama_cross,meta-llama/Llama-3.2-1B,meta-llama/Llama-3.1-8B,structured_extraction,structured_extraction_0,10,50,0.0,1.0,64,int8,none,15.992027,4127.056487,62.531159,,10.495005,0.656265,8,66,58,3,5,80,0.725,0.625,0.375,7.25,8.25,709.398882,73.045174,5675.191055,584.36139
llama32_1b_to_31_8b,llama_cross,meta-llama/Llama-3.2-1B,meta-llama/Llama-3.1-8B,structured_extraction,structured_extraction_0,10,50,0.9,1.0,64,int8,none,15.694397,4141.6054,63.717006,,10.369535,0.660716,8,65,57,4,4,80,0.7125,0.5,0.5,7.125,8.125,702.310507,77.692899,5618.484054,621.543192
llama32_1b_to_31_8b,llama_cross,meta-llama/Llama-3.2-1B,meta-llama/Llama-3.1-8B,structured_extraction,structured_extraction_0,10,100,0.0,1.0,64,int8,none,16.97552,4123.584901,58.908356,,11.039408,0.650313,8,70,62,3,5,80,0.775,0.625,0.375,7.75,8.75,715.729118,73.071296,5725.83294,584.570372
llama32_1b_to_31_8b,llama_cross,meta-llama/Llama-3.2-1B,meta-llama/Llama-3.1-8B,structured_extraction,structured_extraction_0,10,100,0.9,1.0,64,int8,none,15.43382,4146.737523,64.792774,,11.445281,0.741572,7,64,57,3,4,70,0.814286,0.571429,0.428571,8.142857,9.142857,716.126857,78.71182,5012.888001,550.982738
llama32_1b_to_31_8b,llama_cross,meta-llama/Llama-3.2-1B,meta-llama/Llama-3.1-8B,structured_extraction,structured_extraction_0,10,150,0.0,1.0,64,int8,none,15.994148,4126.509278,62.522868,,13.709316,0.857146,6,66,60,0,6,60,1.0,1.0,0.0,10,11,723.717179,74.183364,4342.303076,445.100184
llama32_1b_to_31_8b,llama_cross,meta-llama/Llama-3.2-1B,meta-llama/Llama-3.1-8B,structured_extraction,structured_extraction_0,10,150,0.9,1.0,64,int8,none,17.874844,4139.896167,55.944543,,10.303511,0.576425,9,74,65,4,5,90,0.722222,0.555556,0.444444,7.222222,8.222222,717.302256,77.146543,6455.720307,694.318885
llama32_1b_to_31_8b,llama_cross,meta-llama/Llama-3.2-1B,meta-llama/Llama-3.1-8B,structured_extraction,structured_extraction_0,10,200,0.0,1.0,64,int8,none,16.02553,4118.428538,62.400432,,13.819806,0.862362,6,66,60,0,6,60,1.0,1.0,0.0,10,11,717.736163,73.922367,4306.416975,443.534203
llama32_1b_to_31_8b,llama_cross,meta-llama/Llama-3.2-1B,meta-llama/Llama-3.1-8B,structured_extraction,structured_extraction_0,10,200,0.9,1.0,64,int8,none,15.945985,4138.972858,62.71171,,13.55136,0.849829,6,66,60,0,6,60,1.0,1.0,0.0,10,11,728.060388,79.361754,4368.362328,476.170526
llama32_1b_to_31_8b,llama_cross,meta-llama/Llama-3.2-1B,meta-llama/Llama-3.1-8B,structured_extraction,structured_extraction_1,4,50,0.0,1.0,64,int8,none,16.220827,4130.49218,61.649137,,11.162756,0.688174,17,67,50,7,10,68,0.735294,0.588235,0.411765,2.941176,3.941176,281.509793,69.3749,4785.666485,1179.373303
llama32_1b_to_31_8b,llama_cross,meta-llama/Llama-3.2-1B,meta-llama/Llama-3.1-8B,structured_extraction,structured_extraction_1,4,50,0.9,1.0,64,int8,none,16.41082,4143.607599,60.935406,,11.653496,0.710111,16,68,52,4,12,64,0.8125,0.75,0.25,3.25,4.25,289.978847,72.456294,4639.661552,1159.300702
llama32_1b_to_31_8b,llama_cross,meta-llama/Llama-3.2-1B,meta-llama/Llama-3.1-8B,structured_extraction,structured_extraction_1,4,100,0.0,1.0,64,int8,none,15.526485,4121.988918,64.406077,,11.462774,0.738272,16,64,48,6,10,64,0.75,0.625,0.375,3,4,277.223604,69.516005,4435.57767,1112.256083
llama32_1b_to_31_8b,llama_cross,meta-llama/Llama-3.2-1B,meta-llama/Llama-3.1-8B,structured_extraction,structured_extraction_1,4,100,0.9,1.0,64,int8,none,16.411841,4143.349844,60.931615,,11.161925,0.680114,17,68,51,6,11,68,0.75,0.647059,0.352941,3,4,284.412235,71.733418,4835.008001,1219.468109
llama32_1b_to_31_8b,llama_cross,meta-llama/Llama-3.2-1B,meta-llama/Llama-3.1-8B,structured_extraction,structured_extraction_1,4,150,0.0,1.0,64,int8,none,16.229468,4128.292964,61.616313,,11.752278,0.724132,16,67,51,4,12,64,0.796875,0.75,0.25,3.1875,4.1875,284.598289,69.535077,4553.57262,1112.561233
llama32_1b_to_31_8b,llama_cross,meta-llama/Llama-3.2-1B,meta-llama/Llama-3.1-8B,structured_extraction,structured_extraction_1,4,150,0.9,1.0,64,int8,none,15.417221,4151.202067,64.862532,,12.065976,0.78263,15,64,49,3,12,60,0.816667,0.8,0.2,3.266667,4.266667,279.482773,71.957232,4192.241599,1079.358474
llama32_1b_to_31_8b,llama_cross,meta-llama/Llama-3.2-1B,meta-llama/Llama-3.1-8B,structured_extraction,structured_extraction_1,4,200,0.0,1.0,64,int8,none,16.483572,4125.319368,60.666461,,12.891732,0.782096,15,68,53,2,13,60,0.883333,0.866667,0.133333,3.533333,4.533333,279.848089,69.590138,4197.721341,1043.852076
llama32_1b_to_31_8b,llama_cross,meta-llama/Llama-3.2-1B,meta-llama/Llama-3.1-8B,structured_extraction,structured_extraction_1,4,200,0.9,1.0,64,int8,none,16.146778,4149.434542,61.931859,,11.591777,0.7179,16,67,51,4,12,64,0.796875,0.75,0.25,3.1875,4.1875,287.289031,71.784619,4596.624489,1148.553905
llama32_1b_to_31_8b,llama_cross,meta-llama/Llama-3.2-1B,meta-llama/Llama-3.1-8B,structured_extraction,structured_extraction_1,6,50,0.0,1.0,64,int8,none,16.245773,4124.149603,61.554472,,11.434506,0.703845,12,67,55,4,8,72,0.763889,0.666667,0.333333,4.583333,5.583333,414.849015,70.768714,4978.188186,849.224572
llama32_1b_to_31_8b,llama_cross,meta-llama/Llama-3.2-1B,meta-llama/Llama-3.1-8B,structured_extraction,structured_extraction_1,6,50,0.9,1.0,64,int8,none,16.401946,4145.849481,60.968375,,9.230181,0.562749,15,68,53,8,7,90,0.588889,0.466667,0.533333,3.533333,4.533333,415.143843,73.463054,6227.157641,1101.945814
llama32_1b_to_31_8b,llama_cross,meta-llama/Llama-3.2-1B,meta-llama/Llama-3.1-8B,structured_extraction,structured_extraction_1,6,100,0.0,1.0,64,int8,none,16.247465,4123.720297,61.548064,,11.57195,0.712231,12,67,55,4,8,72,0.763889,0.666667,0.333333,4.583333,5.583333,409.074215,70.7573,4908.890585,849.087602
llama32_1b_to_31_8b,llama_cross,meta-llama/Llama-3.2-1B,meta-llama/Llama-3.1-8B,structured_extraction,structured_extraction_1,6,100,0.9,1.0,64,int8,none,15.929582,4143.234854,62.776286,,13.293774,0.834534,10,66,56,1,9,60,0.933333,0.9,0.1,5.6,6.6,419.116127,74.429494,4191.161267,744.294944
llama32_1b_to_31_8b,llama_cross,meta-llama/Llama-3.2-1B,meta-llama/Llama-3.1-8B,structured_extraction,structured_extraction_1,6,150,0.0,1.0,64,int8,none,15.757434,4125.037065,63.462109,,12.177622,0.772818,11,65,54,3,8,66,0.818182,0.727273,0.272727,4.909091,5.909091,411.478721,71.033096,4526.26593,781.364056
llama32_1b_to_31_8b,llama_cross,meta-llama/Llama-3.2-1B,meta-llama/Llama-3.1-8B,structured_extraction,structured_extraction_1,6,150,0.9,1.0,64,int8,none,15.441163,4144.765608,64.761963,,10.894027,0.705519,12,64,52,5,7,72,0.722222,0.583333,0.416667,4.333333,5.333333,412.989087,73.859861,4955.869043,886.318337
llama32_1b_to_31_8b,llama_cross,meta-llama/Llama-3.2-1B,meta-llama/Llama-3.1-8B,structured_extraction,structured_extraction_1,6,200,0.0,1.0,64,int8,none,16.49496,4122.471335,60.624578,,13.947249,0.845546,10,68,58,2,8,60,0.966667,0.8,0.2,5.8,6.8,413.49216,71.139648,4134.921596,711.396479
llama32_1b_to_31_8b,llama_cross,meta-llama/Llama-3.2-1B,meta-llama/Llama-3.1-8B,structured_extraction,structured_extraction_1,6,200,0.9,1.0,64,int8,none,16.649745,4144.207677,60.060981,,10.665073,0.640555,13,69,56,4,9,78,0.717949,0.692308,0.307692,4.307692,5.307692,421.444724,73.68966,5478.781415,957.965583
llama32_1b_to_31_8b,llama_cross,meta-llama/Llama-3.2-1B,meta-llama/Llama-3.1-8B,structured_extraction,structured_extraction_1,8,50,0.0,1.0,64,int8,none,16.969565,4125.032125,58.92903,,10.158967,0.598658,11,70,59,5,6,88,0.670455,0.545455,0.454545,5.363636,6.363636,551.596045,71.753609,6067.556499,789.289703
llama32_1b_to_31_8b,llama_cross,meta-llama/Llama-3.2-1B,meta-llama/Llama-3.1-8B,structured_extraction,structured_extraction_1,8,50,0.9,1.0,64,int8,none,16.901741,4141.58506,59.165501,,9.252582,0.547434,12,70,58,6,6,96,0.604167,0.5,0.5,4.833333,5.833333,552.354711,75.262865,6628.256527,903.154376
llama32_1b_to_31_8b,llama_cross,meta-llama/Llama-3.2-1B,meta-llama/Llama-3.1-8B,structured_extraction,structured_extraction_1,8,100,0.0,1.0,64,int8,none,16.012188,4121.860259,62.452428,,11.670428,0.728847,9,66,57,3,6,72,0.791667,0.666667,0.333333,6.333333,7.333333,552.855519,72.250184,4975.699667,650.251654
llama32_1b_to_31_8b,llama_cross,meta-llama/Llama-3.2-1B,meta-llama/Llama-3.1-8B,structured_extraction,structured_extraction_1,8,100,0.9,1.0,64,int8,none,16.886148,4145.409551,59.220136,,10.769304,0.63776,10,70,60,5,5,80,0.75,0.5,0.5,6,7,570.347446,76.34448,5703.474463,763.444801
llama32_1b_to_31_8b,llama_cross,meta-llama/Llama-3.2-1B,meta-llama/Llama-3.1-8B,structured_extraction,structured_extraction_1,8,150,0.0,1.0,64,int8,none,16.973254,4124.13565,58.916224,,10.317637,0.607876,11,70,59,5,6,88,0.670455,0.545455,0.454545,5.363636,6.363636,542.147804,71.691812,5963.625841,788.609934
llama32_1b_to_31_8b,llama_cross,meta-llama/Llama-3.2-1B,meta-llama/Llama-3.1-8B,structured_extraction,structured_extraction_1,8,150,0.9,1.0,64,int8,none,15.443455,4144.15028,64.752348,,11.245076,0.728145,9,64,55,5,4,72,0.763889,0.444444,0.555556,6.111111,7.111111,552.832163,76.301104,4975.489471,686.709935
llama32_1b_to_31_8b,llama_cross,meta-llama/Llama-3.2-1B,meta-llama/Llama-3.1-8B,structured_extraction,structured_extraction_1,8,200,0.0,1.0,64,int8,none,16.72279,4126.105809,59.798635,,12.24954,0.732506,9,69,60,3,6,72,0.833333,0.666667,0.333333,6.666667,7.666667,550.349001,72.232875,4953.141012,650.095874
llama32_1b_to_31_8b,llama_cross,meta-llama/Llama-3.2-1B,meta-llama/Llama-3.1-8B,structured_extraction,structured_extraction_1,8,200,0.9,1.0,64,int8,none,17.129814,4144.820364,58.377752,,12.32913,0.719747,9,71,62,3,6,72,0.861111,0.666667,0.333333,6.888889,7.888889,560.157391,76.335513,5041.416523,687.019618
llama32_1b_to_31_8b,llama_cross,meta-llama/Llama-3.2-1B,meta-llama/Llama-3.1-8B,structured_extraction,structured_extraction_1,10,50,0.0,1.0,64,int8,none,15.52345,4122.794812,64.418669,,10.473002,0.674657,8,64,56,4,4,80,0.7,0.5,0.5,7,8,686.300847,73.803867,5490.406778,590.430937
llama32_1b_to_31_8b,llama_cross,meta-llama/Llama-3.2-1B,meta-llama/Llama-3.1-8B,structured_extraction,structured_extraction_1,10,50,0.9,1.0,64,int8,none,16.662792,4140.962578,60.01395,,7.514174,0.450955,12,69,57,8,4,120,0.475,0.333333,0.666667,4.75,5.75,685.743639,76.518167,8228.923671,918.218007
llama32_1b_to_31_8b,llama_cross,meta-llama/Llama-3.2-1B,meta-llama/Llama-3.1-8B,structured_extraction,structured_extraction_1,10,100,0.0,1.0,64,int8,none,17.226016,4121.672807,58.05173,,13.229736,0.768009,7,71,64,1,6,70,0.914286,0.857143,0.142857,9.142857,10.142857,688.876122,73.840133,4822.132857,516.880929
llama32_1b_to_31_8b,llama_cross,meta-llama/Llama-3.2-1B,meta-llama/Llama-3.1-8B,structured_extraction,structured_extraction_1,10,100,0.9,1.0,64,int8,none,16.894366,4143.393195,59.191331,,11.22742,0.664566,8,70,62,3,5,80,0.775,0.625,0.375,7.75,8.75,697.923004,77.798546,5583.384031,622.388367
llama32_1b_to_31_8b,llama_cross,meta-llama/Llama-3.2-1B,meta-llama/Llama-3.1-8B,structured_extraction,structured_extraction_1,10,150,0.0,1.0,64,int8,none,17.703745,4123.421453,56.485225,,10.468065,0.591291,9,73,64,4,5,90,0.711111,0.555556,0.444444,7.111111,8.111111,698.218517,73.033559,6283.96665,657.302034
llama32_1b_to_31_8b,llama_cross,meta-llama/Llama-3.2-1B,meta-llama/Llama-3.1-8B,structured_extraction,structured_extraction_1,10,150,0.9,1.0,64,int8,none,16.160311,4145.959729,61.879996,,9.578011,0.592687,9,67,58,5,4,90,0.644444,0.444444,0.555556,6.444444,7.444444,696.247463,77.600642,6266.227168,698.405775
llama32_1b_to_31_8b,llama_cross,meta-llama/Llama-3.2-1B,meta-llama/Llama-3.1-8B,structured_extraction,structured_extraction_1,10,200,0.0,1.0,64,int8,none,17.219227,4123.297816,58.074617,,9.32,0.541255,10,71,61,5,5,100,0.61,0.5,0.5,6.1,7.1,685.662053,72.889769,6856.620528,728.897686
llama32_1b_to_31_8b,llama_cross,meta-llama/Llama-3.2-1B,meta-llama/Llama-3.1-8B,structured_extraction,structured_extraction_1,10,200,0.9,1.0,64,int8,none,16.392003,4148.364324,61.005358,,12.349165,0.753365,7,68,61,3,4,70,0.871429,0.571429,0.428571,8.714286,9.714286,703.796903,78.850543,4926.578321,551.953801
