pair_name,family,approx_model_name,target_model_name,task,prompt_id,gamma,top_k,top_p,temperature,max_tokens,baseline_large_tps,baseline_small_tps,speculative_tps,speedup,rounds,generated_tokens,accepted_count,resample_count,target_sample_count,proposed_draft_tokens,acceptance_rate,all_accept_round_rate,resample_round_rate,avg_accepted_per_round,avg_contributed_per_round,avg_draft_generate_ms_per_round,avg_target_verify_ms_per_round,draft_generate_ms_total,target_verify_ms_total
distilgpt2_to_gpt2_medium,gpt2,distilgpt2,gpt2-medium,continuation,continuation_0,2,20,0.0,1.0,64,96.386268,,126.113518,1.308418,23,64,41,3,20,46,0.891304,0.869565,0.130435,1.782609,2.782609,7.807657,12.293104,179.5761,282.7414
distilgpt2_to_gpt2_medium,gpt2,distilgpt2,gpt2-medium,continuation,continuation_0,2,20,0.9,1.0,64,92.453478,,123.36007,1.334293,22,65,43,1,21,44,0.977273,0.954545,0.045455,1.954545,2.954545,8.791386,13.182023,193.4105,290.0045
distilgpt2_to_gpt2_medium,gpt2,distilgpt2,gpt2-medium,continuation,continuation_0,2,50,0.0,1.0,64,99.615316,,120.031548,1.204951,23,65,42,2,21,46,0.913043,0.913043,0.086957,1.826087,2.826087,8.418187,13.090878,193.6183,301.0902
distilgpt2_to_gpt2_medium,gpt2,distilgpt2,gpt2-medium,continuation,continuation_0,2,50,0.9,1.0,64,86.884358,,107.713099,1.239729,22,64,42,1,21,44,0.954545,0.954545,0.045455,1.909091,2.909091,10.115441,14.818314,222.5397,326.0029
distilgpt2_to_gpt2_medium,gpt2,distilgpt2,gpt2-medium,continuation,continuation_0,4,20,0.0,1.0,64,95.379871,,136.157684,1.427531,15,66,51,4,11,60,0.85,0.733333,0.266667,3.4,4.4,15.41584,13.6958,231.2376,205.437
distilgpt2_to_gpt2_medium,gpt2,distilgpt2,gpt2-medium,continuation,continuation_0,4,20,0.9,1.0,64,96.775177,,106.287442,1.098292,18,67,49,11,7,72,0.680556,0.388889,0.611111,2.722222,3.722222,17.132172,14.905689,308.3791,268.3024
distilgpt2_to_gpt2_medium,gpt2,distilgpt2,gpt2-medium,continuation,continuation_0,4,50,0.0,1.0,64,92.921923,,152.536291,1.641553,13,65,52,0,13,52,1.0,1.0,0.0,4,5,15.992392,13.487246,207.9011,175.3342
distilgpt2_to_gpt2_medium,gpt2,distilgpt2,gpt2-medium,continuation,continuation_0,4,50,0.9,1.0,64,96.274325,,112.978825,1.173509,17,68,51,7,10,68,0.75,0.588235,0.411765,3,4,17.391012,14.931347,295.6472,253.8329
distilgpt2_to_gpt2_medium,gpt2,distilgpt2,gpt2-medium,continuation,continuation_1,2,20,0.0,1.0,64,93.010409,,119.385793,1.283575,23,66,43,2,21,46,0.934783,0.913043,0.086957,1.869565,2.869565,8.643883,13.28707,198.8093,305.6026
distilgpt2_to_gpt2_medium,gpt2,distilgpt2,gpt2-medium,continuation,continuation_1,2,20,0.9,1.0,64,91.398822,,95.095376,1.040444,27,65,38,11,16,54,0.703704,0.592593,0.407407,1.407407,2.407407,9.046289,14.189878,244.2498,383.1267
distilgpt2_to_gpt2_medium,gpt2,distilgpt2,gpt2-medium,continuation,continuation_1,2,50,0.0,1.0,64,92.488012,,119.263192,1.289499,24,66,42,4,20,48,0.875,0.833333,0.166667,1.75,2.75,8.176242,12.803171,196.2298,307.2761
distilgpt2_to_gpt2_medium,gpt2,distilgpt2,gpt2-medium,continuation,continuation_1,2,50,0.9,1.0,64,90.744102,,106.239877,1.170763,24,65,41,5,19,48,0.854167,0.791667,0.208333,1.708333,2.708333,9.187846,14.229317,220.5083,341.5036
distilgpt2_to_gpt2_medium,gpt2,distilgpt2,gpt2-medium,continuation,continuation_1,4,20,0.0,1.0,64,94.381964,,117.570643,1.24569,17,65,48,7,10,68,0.705882,0.588235,0.411765,2.823529,3.823529,15.825459,13.739006,269.0328,233.5631
distilgpt2_to_gpt2_medium,gpt2,distilgpt2,gpt2-medium,continuation,continuation_1,4,20,0.9,1.0,64,90.086128,,107.418139,1.192394,17,68,51,6,11,68,0.75,0.647059,0.352941,3,4,17.8868,16.158135,304.0756,274.6883
distilgpt2_to_gpt2_medium,gpt2,distilgpt2,gpt2-medium,continuation,continuation_1,4,50,0.0,1.0,64,88.465862,,118.961492,1.344716,17,65,48,7,10,68,0.705882,0.588235,0.411765,2.823529,3.823529,15.605076,13.606806,265.2863,231.3157
distilgpt2_to_gpt2_medium,gpt2,distilgpt2,gpt2-medium,continuation,continuation_1,4,50,0.9,1.0,64,90.1611,,114.236796,1.26703,15,64,49,3,12,60,0.816667,0.8,0.2,3.266667,4.266667,18.101447,16.072787,271.5217,241.0918
distilgpt2_to_gpt2_medium,gpt2,distilgpt2,gpt2-medium,code_completion,code_completion_0,2,20,0.0,1.0,64,94.892423,,91.420136,0.963408,31,65,34,16,15,62,0.548387,0.483871,0.516129,1.096774,2.096774,7.945984,13.046181,246.3255,404.4316
distilgpt2_to_gpt2_medium,gpt2,distilgpt2,gpt2-medium,code_completion,code_completion_0,2,20,0.9,1.0,64,96.848173,,87.534307,0.90383,31,65,34,16,15,62,0.548387,0.483871,0.516129,1.096774,2.096774,8.535135,13.583177,264.5892,421.0785
distilgpt2_to_gpt2_medium,gpt2,distilgpt2,gpt2-medium,code_completion,code_completion_0,2,50,0.0,1.0,64,97.361664,,107.218617,1.101241,26,65,39,7,19,52,0.75,0.730769,0.269231,1.5,2.5,8.085215,13.242862,210.2156,344.3144
distilgpt2_to_gpt2_medium,gpt2,distilgpt2,gpt2-medium,code_completion,code_completion_0,2,50,0.9,1.0,64,90.64245,,87.199947,0.962021,27,65,38,10,17,54,0.703704,0.62963,0.37037,1.407407,2.407407,9.805263,15.732333,264.7421,424.773
distilgpt2_to_gpt2_medium,gpt2,distilgpt2,gpt2-medium,code_completion,code_completion_0,4,20,0.0,1.0,64,97.759983,,103.601561,1.059754,20,67,47,19,1,80,0.5875,0.05,0.95,2.35,3.35,14.782245,14.544285,295.6449,290.8857
distilgpt2_to_gpt2_medium,gpt2,distilgpt2,gpt2-medium,code_completion,code_completion_0,4,20,0.9,1.0,64,84.712428,,69.516425,0.820617,22,67,45,15,7,88,0.511364,0.318182,0.681818,2.045455,3.045455,21.5926,19.429714,475.0372,427.4537
distilgpt2_to_gpt2_medium,gpt2,distilgpt2,gpt2-medium,code_completion,code_completion_0,4,50,0.0,1.0,64,83.869419,,89.581547,1.068107,22,68,46,13,9,88,0.522727,0.409091,0.590909,2.090909,3.090909,16.853223,15.001759,370.7709,330.0387
distilgpt2_to_gpt2_medium,gpt2,distilgpt2,gpt2-medium,code_completion,code_completion_0,4,50,0.9,1.0,64,98.772698,,97.94756,0.991646,20,67,47,12,8,80,0.5875,0.4,0.6,2.35,3.35,16.59525,14.872235,331.905,297.4447
distilgpt2_to_gpt2_medium,gpt2,distilgpt2,gpt2-medium,code_completion,code_completion_1,2,20,0.0,1.0,64,94.576754,,102.795316,1.086898,28,66,38,11,17,56,0.678571,0.607143,0.392857,1.357143,2.357143,7.941693,13.036318,222.3674,365.0169
distilgpt2_to_gpt2_medium,gpt2,distilgpt2,gpt2-medium,code_completion,code_completion_1,2,20,0.9,1.0,64,91.980785,,90.101886,0.979573,27,64,37,10,17,54,0.685185,0.62963,0.37037,1.37037,2.37037,9.561767,14.652181,258.1677,395.6089
distilgpt2_to_gpt2_medium,gpt2,distilgpt2,gpt2-medium,code_completion,code_completion_1,2,50,0.0,1.0,64,98.879323,,112.877279,1.141566,25,66,41,5,20,50,0.82,0.8,0.2,1.64,2.64,8.129872,13.291944,203.2468,332.2986
distilgpt2_to_gpt2_medium,gpt2,distilgpt2,gpt2-medium,code_completion,code_completion_1,2,50,0.9,1.0,64,86.6196,,88.887556,1.026183,28,64,36,11,17,56,0.642857,0.607143,0.392857,1.285714,2.285714,9.447771,14.373425,264.5376,402.4559
distilgpt2_to_gpt2_medium,gpt2,distilgpt2,gpt2-medium,code_completion,code_completion_1,4,20,0.0,1.0,64,95.596674,,77.211205,0.807677,27,67,40,22,5,108,0.37037,0.185185,0.814815,1.481481,2.481481,15.477756,14.190215,417.8994,383.1358
distilgpt2_to_gpt2_medium,gpt2,distilgpt2,gpt2-medium,code_completion,code_completion_1,4,20,0.9,1.0,64,88.730468,,83.081223,0.936333,22,64,42,13,9,88,0.477273,0.409091,0.590909,1.909091,2.909091,17.170059,15.271868,377.7413,335.9811
distilgpt2_to_gpt2_medium,gpt2,distilgpt2,gpt2-medium,code_completion,code_completion_1,4,50,0.0,1.0,64,91.094281,,113.091828,1.241481,17,64,47,6,11,68,0.691176,0.647059,0.352941,2.764706,3.764706,15.728529,14.785818,267.385,251.3589
distilgpt2_to_gpt2_medium,gpt2,distilgpt2,gpt2-medium,code_completion,code_completion_1,4,50,0.9,1.0,64,90.752208,,62.630766,0.690129,30,64,34,24,6,120,0.283333,0.2,0.8,1.133333,2.133333,16.31665,15.498647,489.4995,464.9594
distilgpt2_to_gpt2_medium,gpt2,distilgpt2,gpt2-medium,long_summarization,long_summarization_0,2,20,0.0,1.0,64,95.290522,,107.06326,1.123546,24,65,41,5,19,48,0.854167,0.791667,0.208333,1.708333,2.708333,9.063988,14.1363,217.5357,339.2712
distilgpt2_to_gpt2_medium,gpt2,distilgpt2,gpt2-medium,long_summarization,long_summarization_0,2,20,0.9,1.0,64,92.387012,,98.132864,1.062193,22,65,43,1,21,44,0.977273,0.954545,0.045455,1.954545,2.954545,11.500086,16.483241,253.0019,362.6313
distilgpt2_to_gpt2_medium,gpt2,distilgpt2,gpt2-medium,long_summarization,long_summarization_0,2,50,0.0,1.0,64,93.72754,,106.288272,1.134013,24,66,42,4,20,48,0.875,0.833333,0.166667,1.75,2.75,9.341467,14.249458,224.1952,341.987
distilgpt2_to_gpt2_medium,gpt2,distilgpt2,gpt2-medium,long_summarization,long_summarization_0,2,50,0.9,1.0,64,90.590744,,99.339363,1.096573,22,65,43,1,21,44,0.977273,0.954545,0.045455,1.954545,2.954545,11.203759,16.498327,246.4827,362.9632
distilgpt2_to_gpt2_medium,gpt2,distilgpt2,gpt2-medium,long_summarization,long_summarization_0,4,20,0.0,1.0,64,90.190297,,112.341721,1.245608,16,64,48,5,11,64,0.75,0.6875,0.3125,3,4,16.870906,15.624762,269.9345,249.9962
distilgpt2_to_gpt2_medium,gpt2,distilgpt2,gpt2-medium,long_summarization,long_summarization_0,4,20,0.9,1.0,64,93.815986,,114.067949,1.215869,14,67,53,1,13,56,0.946429,0.928571,0.071429,3.785714,4.785714,19.900371,18.68695,278.6052,261.6173
distilgpt2_to_gpt2_medium,gpt2,distilgpt2,gpt2-medium,long_summarization,long_summarization_0,4,50,0.0,1.0,64,98.677792,,110.33743,1.118159,18,66,48,9,9,72,0.666667,0.5,0.5,2.666667,3.666667,15.750106,14.653133,283.5019,263.7564
distilgpt2_to_gpt2_medium,gpt2,distilgpt2,gpt2-medium,long_summarization,long_summarization_0,4,50,0.9,1.0,64,98.200498,,113.697339,1.157808,14,67,53,1,13,56,0.946429,0.928571,0.071429,3.785714,4.785714,20.497421,18.398436,286.9639,257.5781
distilgpt2_to_gpt2_medium,gpt2,distilgpt2,gpt2-medium,long_summarization,long_summarization_1,2,20,0.0,1.0,64,94.253864,,112.459977,1.19316,24,65,41,5,19,48,0.854167,0.791667,0.208333,1.708333,2.708333,8.721146,13.405471,209.3075,321.7313
distilgpt2_to_gpt2_medium,gpt2,distilgpt2,gpt2-medium,long_summarization,long_summarization_1,2,20,0.9,1.0,64,94.397724,,95.58993,1.01263,25,66,41,7,18,50,0.82,0.72,0.28,1.64,2.64,10.589516,14.952116,264.7379,373.8029
distilgpt2_to_gpt2_medium,gpt2,distilgpt2,gpt2-medium,long_summarization,long_summarization_1,2,50,0.0,1.0,64,96.52395,,123.392879,1.278365,22,65,43,1,21,44,0.977273,0.954545,0.045455,1.954545,2.954545,8.640268,13.177423,190.0859,289.9033
distilgpt2_to_gpt2_medium,gpt2,distilgpt2,gpt2-medium,long_summarization,long_summarization_1,2,50,0.9,1.0,64,87.869758,,98.7439,1.123753,24,64,40,6,18,48,0.833333,0.75,0.25,1.666667,2.666667,10.142713,14.849317,243.4251,356.3836
distilgpt2_to_gpt2_medium,gpt2,distilgpt2,gpt2-medium,long_summarization,long_summarization_1,4,20,0.0,1.0,64,98.222481,,114.972115,1.170527,17,67,50,6,11,68,0.735294,0.647059,0.352941,2.941176,3.941176,16.488824,14.613024,280.31,248.4214
distilgpt2_to_gpt2_medium,gpt2,distilgpt2,gpt2-medium,long_summarization,long_summarization_1,4,20,0.9,1.0,64,86.231897,,99.720277,1.15642,17,65,48,8,9,68,0.705882,0.529412,0.470588,2.823529,3.823529,18.593947,16.837712,316.0971,286.2411
distilgpt2_to_gpt2_medium,gpt2,distilgpt2,gpt2-medium,long_summarization,long_summarization_1,4,50,0.0,1.0,64,90.064662,,131.542651,1.460536,15,68,53,4,11,60,0.883333,0.733333,0.266667,3.533333,4.533333,16.69752,14.348867,250.4628,215.233
distilgpt2_to_gpt2_medium,gpt2,distilgpt2,gpt2-medium,long_summarization,long_summarization_1,4,50,0.9,1.0,64,90.843556,,113.828639,1.253018,14,65,51,2,12,56,0.910714,0.857143,0.142857,3.642857,4.642857,19.275243,18.306271,269.8534,256.2878
qwen25_0p5b_to_1p5b,qwen2.5,Qwen/Qwen2.5-0.5B,Qwen/Qwen2.5-1.5B,continuation,continuation_0,2,20,0.0,1.0,64,43.065509,,38.49008,0.893757,23,65,42,3,20,46,0.913043,0.869565,0.130435,1.826087,2.826087,43.685304,27.367509,1004.762,629.4527
qwen25_0p5b_to_1p5b,qwen2.5,Qwen/Qwen2.5-0.5B,Qwen/Qwen2.5-1.5B,continuation,continuation_0,2,20,0.9,1.0,64,43.189595,,37.777331,0.874686,23,65,42,3,20,46,0.913043,0.869565,0.130435,1.826087,2.826087,44.214143,28.184448,1016.9253,648.2423
qwen25_0p5b_to_1p5b,qwen2.5,Qwen/Qwen2.5-0.5B,Qwen/Qwen2.5-1.5B,continuation,continuation_0,2,50,0.0,1.0,64,39.305423,,39.841347,1.013635,22,66,44,0,22,44,1.0,1.0,0.0,2,3,45.073464,27.758636,991.6162,610.69
qwen25_0p5b_to_1p5b,qwen2.5,Qwen/Qwen2.5-0.5B,Qwen/Qwen2.5-1.5B,continuation,continuation_0,2,50,0.9,1.0,64,39.288753,,33.666052,0.856888,24,65,41,5,19,48,0.854167,0.791667,0.208333,1.708333,2.708333,47.489425,30.306579,1139.7462,727.3579
qwen25_0p5b_to_1p5b,qwen2.5,Qwen/Qwen2.5-0.5B,Qwen/Qwen2.5-1.5B,continuation,continuation_0,4,20,0.0,1.0,64,42.177603,,40.614356,0.962937,14,64,50,3,11,56,0.892857,0.785714,0.214286,3.571429,4.571429,82.053636,27.018686,1148.7509,378.2616
qwen25_0p5b_to_1p5b,qwen2.5,Qwen/Qwen2.5-0.5B,Qwen/Qwen2.5-1.5B,continuation,continuation_0,4,20,0.9,1.0,64,45.444551,,34.594977,0.761257,15,68,53,2,13,60,0.883333,0.866667,0.133333,3.533333,4.533333,95.18462,32.053827,1427.7693,480.8074
qwen25_0p5b_to_1p5b,qwen2.5,Qwen/Qwen2.5-0.5B,Qwen/Qwen2.5-1.5B,continuation,continuation_0,4,50,0.0,1.0,64,39.079621,,40.089571,1.025843,13,65,52,0,13,52,1.0,1.0,0.0,4,5,91.3905,29.404177,1188.0765,382.2543
qwen25_0p5b_to_1p5b,qwen2.5,Qwen/Qwen2.5-0.5B,Qwen/Qwen2.5-1.5B,continuation,continuation_0,4,50,0.9,1.0,64,42.108565,,38.123813,0.90537,14,64,50,2,12,56,0.892857,0.857143,0.142857,3.571429,4.571429,87.061193,29.384129,1218.8567,411.3778
qwen25_0p5b_to_1p5b,qwen2.5,Qwen/Qwen2.5-0.5B,Qwen/Qwen2.5-1.5B,continuation,continuation_1,2,20,0.0,1.0,64,41.2807,,39.646716,0.960418,22,64,42,1,21,44,0.954545,0.954545,0.045455,1.909091,2.909091,44.81505,26.183714,985.9311,576.0417
qwen25_0p5b_to_1p5b,qwen2.5,Qwen/Qwen2.5-0.5B,Qwen/Qwen2.5-1.5B,continuation,continuation_1,2,20,0.9,1.0,64,42.761504,,38.139354,0.891909,22,66,44,0,22,44,1.0,1.0,0.0,2,3,46.272468,29.8121,1017.9943,655.8662
qwen25_0p5b_to_1p5b,qwen2.5,Qwen/Qwen2.5-0.5B,Qwen/Qwen2.5-1.5B,continuation,continuation_1,2,50,0.0,1.0,64,40.774491,,39.088507,0.958651,22,64,42,2,20,44,0.954545,0.909091,0.090909,1.909091,2.909091,44.223495,27.785714,972.9169,611.2857
qwen25_0p5b_to_1p5b,qwen2.5,Qwen/Qwen2.5-0.5B,Qwen/Qwen2.5-1.5B,continuation,continuation_1,2,50,0.9,1.0,64,38.472589,,33.214485,0.863329,24,65,41,4,20,48,0.854167,0.833333,0.166667,1.708333,2.708333,49.318767,29.686475,1183.6504,712.4754
qwen25_0p5b_to_1p5b,qwen2.5,Qwen/Qwen2.5-0.5B,Qwen/Qwen2.5-1.5B,continuation,continuation_1,4,20,0.0,1.0,64,44.208369,,39.241227,0.887642,15,66,51,4,11,60,0.85,0.733333,0.266667,3.4,4.4,81.8409,26.83416,1227.6135,402.5124
qwen25_0p5b_to_1p5b,qwen2.5,Qwen/Qwen2.5-0.5B,Qwen/Qwen2.5-1.5B,continuation,continuation_1,4,20,0.9,1.0,64,45.462368,,37.67885,0.828792,15,68,53,3,12,60,0.883333,0.8,0.2,3.533333,4.533333,87.037753,29.77384,1305.5663,446.6076
qwen25_0p5b_to_1p5b,qwen2.5,Qwen/Qwen2.5-0.5B,Qwen/Qwen2.5-1.5B,continuation,continuation_1,4,50,0.0,1.0,64,38.20156,,40.057054,1.048571,14,65,51,2,12,56,0.910714,0.857143,0.142857,3.642857,4.642857,84.955864,27.335736,1189.3821,382.7003
qwen25_0p5b_to_1p5b,qwen2.5,Qwen/Qwen2.5-0.5B,Qwen/Qwen2.5-1.5B,continuation,continuation_1,4,50,0.9,1.0,64,41.859653,,28.607088,0.683405,18,67,49,8,10,72,0.680556,0.555556,0.444444,2.722222,3.722222,94.594517,31.79185,1702.7013,572.2533
qwen25_0p5b_to_1p5b,qwen2.5,Qwen/Qwen2.5-0.5B,Qwen/Qwen2.5-1.5B,code_completion,code_completion_0,2,20,0.0,1.0,64,36.932809,,36.950003,1.000466,22,66,44,0,22,44,1.0,1.0,0.0,2,3,49.15775,29.389332,1081.4705,646.5653
qwen25_0p5b_to_1p5b,qwen2.5,Qwen/Qwen2.5-0.5B,Qwen/Qwen2.5-1.5B,code_completion,code_completion_0,2,20,0.9,1.0,64,39.019065,,35.90177,0.920108,23,65,42,3,20,46,0.913043,0.869565,0.130435,1.826087,2.826087,47.03767,29.181283,1081.8664,671.1695
qwen25_0p5b_to_1p5b,qwen2.5,Qwen/Qwen2.5-0.5B,Qwen/Qwen2.5-1.5B,code_completion,code_completion_0,2,50,0.0,1.0,64,42.025978,,39.554762,0.941198,22,66,44,0,22,44,1.0,1.0,0.0,2,3,45.557141,27.740723,1002.2571,610.2959
qwen25_0p5b_to_1p5b,qwen2.5,Qwen/Qwen2.5-0.5B,Qwen/Qwen2.5-1.5B,code_completion,code_completion_0,2,50,0.9,1.0,64,40.317366,,36.96426,0.916832,22,66,44,0,22,44,1.0,1.0,0.0,2,3,48.587005,29.92035,1068.9141,658.2477
qwen25_0p5b_to_1p5b,qwen2.5,Qwen/Qwen2.5-0.5B,Qwen/Qwen2.5-1.5B,code_completion,code_completion_0,4,20,0.0,1.0,64,38.121276,,37.555302,0.985153,14,65,51,2,12,56,0.910714,0.857143,0.142857,3.642857,4.642857,90.704,29.22415,1269.856,409.1381
qwen25_0p5b_to_1p5b,qwen2.5,Qwen/Qwen2.5-0.5B,Qwen/Qwen2.5-1.5B,code_completion,code_completion_0,4,20,0.9,1.0,64,39.822854,,32.351034,0.812374,16,68,52,4,12,64,0.8125,0.75,0.25,3.25,4.25,95.258456,32.4485,1524.1353,519.176
qwen25_0p5b_to_1p5b,qwen2.5,Qwen/Qwen2.5-0.5B,Qwen/Qwen2.5-1.5B,code_completion,code_completion_0,4,50,0.0,1.0,64,41.893496,,42.203218,1.007393,13,65,52,0,13,52,1.0,1.0,0.0,4,5,86.568031,27.920631,1125.3844,362.9682
qwen25_0p5b_to_1p5b,qwen2.5,Qwen/Qwen2.5-0.5B,Qwen/Qwen2.5-1.5B,code_completion,code_completion_0,4,50,0.9,1.0,64,39.96302,,33.0416,0.826804,16,65,49,6,10,64,0.765625,0.625,0.375,3.0625,4.0625,89.397994,30.057519,1430.3679,480.9203
qwen25_0p5b_to_1p5b,qwen2.5,Qwen/Qwen2.5-0.5B,Qwen/Qwen2.5-1.5B,code_completion,code_completion_1,2,20,0.0,1.0,64,39.918911,,36.594624,0.916724,22,66,44,0,22,44,1.0,1.0,0.0,2,3,49.435195,29.823964,1087.5743,656.1272
qwen25_0p5b_to_1p5b,qwen2.5,Qwen/Qwen2.5-0.5B,Qwen/Qwen2.5-1.5B,code_completion,code_completion_1,2,20,0.9,1.0,64,42.292614,,38.102762,0.900932,22,65,43,1,21,44,0.977273,0.954545,0.045455,1.954545,2.954545,46.615364,28.441436,1025.538,625.7116
qwen25_0p5b_to_1p5b,qwen2.5,Qwen/Qwen2.5-0.5B,Qwen/Qwen2.5-1.5B,code_completion,code_completion_1,2,50,0.0,1.0,64,42.420065,,41.137894,0.969774,22,66,44,0,22,44,1.0,1.0,0.0,2,3,43.6206,26.846741,959.6532,590.6283
qwen25_0p5b_to_1p5b,qwen2.5,Qwen/Qwen2.5-0.5B,Qwen/Qwen2.5-1.5B,code_completion,code_completion_1,2,50,0.9,1.0,64,41.985491,,38.997942,0.928843,22,66,44,0,22,44,1.0,1.0,0.0,2,3,45.922214,28.496505,1010.2887,626.9231
qwen25_0p5b_to_1p5b,qwen2.5,Qwen/Qwen2.5-0.5B,Qwen/Qwen2.5-1.5B,code_completion,code_completion_1,4,20,0.0,1.0,64,41.915499,,39.812899,0.949837,14,64,50,2,12,56,0.892857,0.857143,0.142857,3.571429,4.571429,84.119814,27.25625,1177.6774,381.5875
qwen25_0p5b_to_1p5b,qwen2.5,Qwen/Qwen2.5-0.5B,Qwen/Qwen2.5-1.5B,code_completion,code_completion_1,4,20,0.9,1.0,64,43.311566,,40.046971,0.924625,14,67,53,1,13,56,0.946429,0.928571,0.071429,3.785714,4.785714,87.52045,28.2918,1225.2863,396.0852
qwen25_0p5b_to_1p5b,qwen2.5,Qwen/Qwen2.5-0.5B,Qwen/Qwen2.5-1.5B,code_completion,code_completion_1,4,50,0.0,1.0,64,42.114847,,39.600564,0.940299,14,64,50,2,12,56,0.892857,0.857143,0.142857,3.571429,4.571429,84.811207,27.213743,1187.3569,380.9924
qwen25_0p5b_to_1p5b,qwen2.5,Qwen/Qwen2.5-0.5B,Qwen/Qwen2.5-1.5B,code_completion,code_completion_1,4,50,0.9,1.0,64,44.217111,,34.188725,0.773201,17,68,51,5,12,68,0.75,0.705882,0.294118,3,4,84.961471,28.840788,1444.345,490.2934
qwen25_0p5b_to_1p5b,qwen2.5,Qwen/Qwen2.5-0.5B,Qwen/Qwen2.5-1.5B,long_summarization,long_summarization_0,2,20,0.0,1.0,64,42.110588,,35.958161,0.853898,23,64,41,4,19,46,0.891304,0.826087,0.173913,1.782609,2.782609,45.679148,29.265987,1050.6204,673.1177
qwen25_0p5b_to_1p5b,qwen2.5,Qwen/Qwen2.5-0.5B,Qwen/Qwen2.5-1.5B,long_summarization,long_summarization_0,2,20,0.9,1.0,64,40.840097,,32.336259,0.791777,25,65,40,6,19,50,0.8,0.76,0.24,1.6,2.6,47.523196,30.413876,1188.0799,760.3469
qwen25_0p5b_to_1p5b,qwen2.5,Qwen/Qwen2.5-0.5B,Qwen/Qwen2.5-1.5B,long_summarization,long_summarization_0,2,50,0.0,1.0,64,42.630331,,37.879055,0.888547,23,65,42,3,20,46,0.913043,0.869565,0.130435,1.826087,2.826087,44.380257,27.814217,1020.7459,639.727
qwen25_0p5b_to_1p5b,qwen2.5,Qwen/Qwen2.5-0.5B,Qwen/Qwen2.5-1.5B,long_summarization,long_summarization_0,2,50,0.9,1.0,64,42.172505,,36.833301,0.873396,22,66,44,0,22,44,1.0,1.0,0.0,2,3,48.196818,30.733341,1060.33,676.1335
qwen25_0p5b_to_1p5b,qwen2.5,Qwen/Qwen2.5-0.5B,Qwen/Qwen2.5-1.5B,long_summarization,long_summarization_0,4,20,0.0,1.0,64,42.300279,,33.314131,0.787563,16,64,48,6,10,64,0.75,0.625,0.375,3,4,86.828169,29.83585,1389.2507,477.3736
qwen25_0p5b_to_1p5b,qwen2.5,Qwen/Qwen2.5-0.5B,Qwen/Qwen2.5-1.5B,long_summarization,long_summarization_0,4,20,0.9,1.0,64,44.717582,,34.593897,0.773608,15,64,49,4,11,60,0.816667,0.733333,0.266667,3.266667,4.266667,87.3396,32.671287,1310.094,490.0693
qwen25_0p5b_to_1p5b,qwen2.5,Qwen/Qwen2.5-0.5B,Qwen/Qwen2.5-1.5B,long_summarization,long_summarization_0,4,50,0.0,1.0,64,41.779276,,35.378735,0.846801,14,67,53,1,13,56,0.946429,0.928571,0.071429,3.785714,4.785714,98.567207,32.673629,1379.9409,457.4308
qwen25_0p5b_to_1p5b,qwen2.5,Qwen/Qwen2.5-0.5B,Qwen/Qwen2.5-1.5B,long_summarization,long_summarization_0,4,50,0.9,1.0,64,41.280629,,39.727875,0.962385,13,65,52,0,13,52,1.0,1.0,0.0,4,5,89.891577,32.203538,1168.5905,418.646
qwen25_0p5b_to_1p5b,qwen2.5,Qwen/Qwen2.5-0.5B,Qwen/Qwen2.5-1.5B,long_summarization,long_summarization_1,2,20,0.0,1.0,64,45.896984,,42.260761,0.920774,22,66,44,0,22,44,1.0,1.0,0.0,2,3,42.275482,26.325786,930.0606,579.1673
qwen25_0p5b_to_1p5b,qwen2.5,Qwen/Qwen2.5-0.5B,Qwen/Qwen2.5-1.5B,long_summarization,long_summarization_1,2,20,0.9,1.0,64,43.219204,,37.638054,0.870864,22,64,42,1,21,44,0.954545,0.954545,0.045455,1.909091,2.909091,45.662686,29.172568,1004.5791,641.7965
qwen25_0p5b_to_1p5b,qwen2.5,Qwen/Qwen2.5-0.5B,Qwen/Qwen2.5-1.5B,long_summarization,long_summarization_1,2,50,0.0,1.0,64,42.440653,,35.406459,0.834258,23,64,41,3,20,46,0.891304,0.869565,0.130435,1.782609,2.782609,47.536548,28.633952,1093.3406,658.5809
qwen25_0p5b_to_1p5b,qwen2.5,Qwen/Qwen2.5-0.5B,Qwen/Qwen2.5-1.5B,long_summarization,long_summarization_1,2,50,0.9,1.0,64,41.099261,,40.776838,0.992155,22,66,44,0,22,44,1.0,1.0,0.0,2,3,43.419459,27.865691,955.2281,613.0452
qwen25_0p5b_to_1p5b,qwen2.5,Qwen/Qwen2.5-0.5B,Qwen/Qwen2.5-1.5B,long_summarization,long_summarization_1,4,20,0.0,1.0,64,38.476292,,35.049147,0.910928,14,65,51,2,12,56,0.910714,0.857143,0.142857,3.642857,4.642857,97.072171,31.561329,1359.0104,441.8586
qwen25_0p5b_to_1p5b,qwen2.5,Qwen/Qwen2.5-0.5B,Qwen/Qwen2.5-1.5B,long_summarization,long_summarization_1,4,20,0.9,1.0,64,42.027797,,37.361824,0.888979,14,68,54,1,13,56,0.964286,0.928571,0.071429,3.857143,4.857143,93.798171,32.555329,1313.1744,455.7746
qwen25_0p5b_to_1p5b,qwen2.5,Qwen/Qwen2.5-0.5B,Qwen/Qwen2.5-1.5B,long_summarization,long_summarization_1,4,50,0.0,1.0,64,42.947727,,30.171943,0.702527,16,67,51,6,10,64,0.796875,0.625,0.375,3.1875,4.1875,102.366488,32.724244,1637.8638,523.5879
qwen25_0p5b_to_1p5b,qwen2.5,Qwen/Qwen2.5-0.5B,Qwen/Qwen2.5-1.5B,long_summarization,long_summarization_1,4,50,0.9,1.0,64,39.633131,,34.050164,0.859134,14,64,50,2,12,56,0.892857,0.857143,0.142857,3.571429,4.571429,96.557971,33.9208,1351.8116,474.8912
qwen25_0p5b_to_3b,qwen2.5,Qwen/Qwen2.5-0.5B,Qwen/Qwen2.5-3B,continuation,continuation_0,2,20,0.0,1.0,64,8.312501,,14.725324,1.771467,24,65,41,5,19,48,0.854167,0.791667,0.208333,1.708333,2.708333,52.433617,128.762754,1258.4068,3090.3061
qwen25_0p5b_to_3b,qwen2.5,Qwen/Qwen2.5-0.5B,Qwen/Qwen2.5-3B,continuation,continuation_0,2,20,0.9,1.0,64,8.336279,,14.37928,1.724904,24,65,41,5,19,48,0.854167,0.791667,0.208333,1.708333,2.708333,52.367742,133.437225,1256.8258,3202.4934
qwen25_0p5b_to_3b,qwen2.5,Qwen/Qwen2.5-0.5B,Qwen/Qwen2.5-3B,continuation,continuation_0,2,50,0.0,1.0,64,8.869188,,16.105744,1.815921,23,66,43,2,21,46,0.934783,0.913043,0.086957,1.869565,2.869565,49.601813,126.002083,1140.8417,2898.0479
qwen25_0p5b_to_3b,qwen2.5,Qwen/Qwen2.5-0.5B,Qwen/Qwen2.5-3B,continuation,continuation_0,2,50,0.9,1.0,64,8.684549,,15.176296,1.747505,22,65,43,1,21,44,0.977273,0.954545,0.045455,1.954545,2.954545,58.946964,133.005973,1296.8332,2926.1314
qwen25_0p5b_to_3b,qwen2.5,Qwen/Qwen2.5-0.5B,Qwen/Qwen2.5-3B,continuation,continuation_0,4,20,0.0,1.0,64,8.690273,,18.245669,2.099551,16,68,52,6,10,64,0.8125,0.625,0.375,3.25,4.25,103.215063,125.938463,1651.441,2015.0154
qwen25_0p5b_to_3b,qwen2.5,Qwen/Qwen2.5-0.5B,Qwen/Qwen2.5-3B,continuation,continuation_0,4,20,0.9,1.0,64,8.238865,,15.667647,1.901676,16,64,48,6,10,64,0.75,0.625,0.375,3,4,104.869075,146.764075,1677.9052,2348.2252
qwen25_0p5b_to_3b,qwen2.5,Qwen/Qwen2.5-0.5B,Qwen/Qwen2.5-3B,continuation,continuation_0,4,50,0.0,1.0,64,8.622717,,24.339981,2.822774,13,65,52,0,13,52,1.0,1.0,0.0,4,5,83.500477,118.198123,1085.5062,1536.5756
qwen25_0p5b_to_3b,qwen2.5,Qwen/Qwen2.5-0.5B,Qwen/Qwen2.5-3B,continuation,continuation_0,4,50,0.9,1.0,64,9.095097,,22.844365,2.511723,14,64,50,3,11,56,0.892857,0.785714,0.214286,3.571429,4.571429,80.238614,116.417143,1123.3406,1629.84
qwen25_0p5b_to_3b,qwen2.5,Qwen/Qwen2.5-0.5B,Qwen/Qwen2.5-3B,continuation,continuation_1,2,20,0.0,1.0,64,9.333648,,16.838015,1.804012,23,65,42,4,19,46,0.913043,0.826087,0.173913,1.826087,2.826087,44.422291,120.916352,1021.7127,2781.0761
qwen25_0p5b_to_3b,qwen2.5,Qwen/Qwen2.5-0.5B,Qwen/Qwen2.5-3B,continuation,continuation_1,2,20,0.9,1.0,64,8.4047,,15.358606,1.827383,24,65,41,5,19,48,0.854167,0.791667,0.208333,1.708333,2.708333,47.714992,126.110862,1145.1598,3026.6607
qwen25_0p5b_to_3b,qwen2.5,Qwen/Qwen2.5-0.5B,Qwen/Qwen2.5-3B,continuation,continuation_1,2,50,0.0,1.0,64,8.43084,,15.555001,1.845012,23,65,42,4,19,46,0.913043,0.826087,0.173913,1.826087,2.826087,51.790757,127.283709,1191.1874,2927.5253
qwen25_0p5b_to_3b,qwen2.5,Qwen/Qwen2.5-0.5B,Qwen/Qwen2.5-3B,continuation,continuation_1,2,50,0.9,1.0,64,8.731784,,15.511996,1.776498,23,66,43,3,20,46,0.934783,0.869565,0.130435,1.869565,2.869565,51.524674,130.851865,1185.0675,3009.5929
qwen25_0p5b_to_3b,qwen2.5,Qwen/Qwen2.5-0.5B,Qwen/Qwen2.5-3B,continuation,continuation_1,4,20,0.0,1.0,64,9.224613,,19.972961,2.165181,16,67,51,6,10,64,0.796875,0.625,0.375,3.1875,4.1875,86.592044,119.565019,1385.4727,1913.0403
qwen25_0p5b_to_3b,qwen2.5,Qwen/Qwen2.5-0.5B,Qwen/Qwen2.5-3B,continuation,continuation_1,4,20,0.9,1.0,64,9.461388,,19.877797,2.100939,16,67,51,5,11,64,0.796875,0.6875,0.3125,3.1875,4.1875,83.816675,123.482531,1341.0668,1975.7205
qwen25_0p5b_to_3b,qwen2.5,Qwen/Qwen2.5-0.5B,Qwen/Qwen2.5-3B,continuation,continuation_1,4,50,0.0,1.0,64,9.3254,,23.164195,2.483989,14,66,52,1,13,56,0.928571,0.928571,0.071429,3.714286,4.714286,82.300471,117.695121,1152.2066,1647.7317
qwen25_0p5b_to_3b,qwen2.5,Qwen/Qwen2.5-0.5B,Qwen/Qwen2.5-3B,continuation,continuation_1,4,50,0.9,1.0,64,9.202292,,20.276658,2.203436,16,65,49,6,10,64,0.765625,0.625,0.375,3.0625,4.0625,79.940312,117.025575,1279.045,1872.4092
qwen25_0p5b_to_3b,qwen2.5,Qwen/Qwen2.5-0.5B,Qwen/Qwen2.5-3B,code_completion,code_completion_0,2,20,0.0,1.0,64,9.224995,,18.223781,1.975479,22,65,43,1,21,44,0.977273,0.954545,0.045455,1.954545,2.954545,43.3295,116.299418,953.249,2558.5872
qwen25_0p5b_to_3b,qwen2.5,Qwen/Qwen2.5-0.5B,Qwen/Qwen2.5-3B,code_completion,code_completion_0,2,20,0.9,1.0,64,9.035539,,16.984054,1.879695,23,65,42,3,20,46,0.913043,0.869565,0.130435,1.826087,2.826087,44.4877,119.538448,1023.2171,2749.3843
qwen25_0p5b_to_3b,qwen2.5,Qwen/Qwen2.5-0.5B,Qwen/Qwen2.5-3B,code_completion,code_completion_0,2,50,0.0,1.0,64,9.338099,,18.991001,2.033712,22,65,43,1,21,44,0.977273,0.954545,0.045455,1.954545,2.954545,39.909,113.285582,877.998,2492.2828
qwen25_0p5b_to_3b,qwen2.5,Qwen/Qwen2.5-0.5B,Qwen/Qwen2.5-3B,code_completion,code_completion_0,2,50,0.9,1.0,64,9.240677,,17.936187,1.941004,23,65,42,3,20,46,0.913043,0.869565,0.130435,1.826087,2.826087,41.342778,113.878148,950.8839,2619.1974
qwen25_0p5b_to_3b,qwen2.5,Qwen/Qwen2.5-0.5B,Qwen/Qwen2.5-3B,code_completion,code_completion_0,4,20,0.0,1.0,64,8.805478,,19.666633,2.233454,14,68,54,1,13,56,0.964286,0.928571,0.071429,3.857143,4.857143,108.426964,134.653521,1517.9775,1885.1493
qwen25_0p5b_to_3b,qwen2.5,Qwen/Qwen2.5-0.5B,Qwen/Qwen2.5-3B,code_completion,code_completion_0,4,20,0.9,1.0,64,8.071826,,22.11735,2.740068,13,64,51,1,12,52,0.980769,0.923077,0.076923,3.923077,4.923077,92.6697,126.1041,1204.7061,1639.3533
qwen25_0p5b_to_3b,qwen2.5,Qwen/Qwen2.5-0.5B,Qwen/Qwen2.5-3B,code_completion,code_completion_0,4,50,0.0,1.0,64,8.200922,,21.468782,2.61785,13,65,52,0,13,52,1.0,1.0,0.0,4,5,100.781246,128.2185,1310.1562,1666.8405
qwen25_0p5b_to_3b,qwen2.5,Qwen/Qwen2.5-0.5B,Qwen/Qwen2.5-3B,code_completion,code_completion_0,4,50,0.9,1.0,64,8.670481,,20.629537,2.379284,15,65,50,4,11,60,0.833333,0.733333,0.266667,3.333333,4.333333,85.17942,121.415987,1277.6913,1821.2398
qwen25_0p5b_to_3b,qwen2.5,Qwen/Qwen2.5-0.5B,Qwen/Qwen2.5-3B,code_completion,code_completion_1,2,20,0.0,1.0,64,8.913521,,16.276791,1.826079,23,66,43,3,20,46,0.934783,0.869565,0.130435,1.869565,2.869565,49.605817,124.201822,1140.9338,2856.6419
qwen25_0p5b_to_3b,qwen2.5,Qwen/Qwen2.5-0.5B,Qwen/Qwen2.5-3B,code_completion,code_completion_1,2,20,0.9,1.0,64,8.667788,,14.584167,1.682571,26,64,38,9,17,52,0.730769,0.653846,0.346154,1.461538,2.461538,44.979192,121.326538,1169.459,3154.49
qwen25_0p5b_to_3b,qwen2.5,Qwen/Qwen2.5-0.5B,Qwen/Qwen2.5-3B,code_completion,code_completion_1,2,50,0.0,1.0,64,8.969875,,16.886479,1.882577,22,66,44,0,22,44,1.0,1.0,0.0,2,3,50.940032,124.188218,1120.6807,2732.1408
qwen25_0p5b_to_3b,qwen2.5,Qwen/Qwen2.5-0.5B,Qwen/Qwen2.5-3B,code_completion,code_completion_1,2,50,0.9,1.0,64,8.637389,,15.661537,1.813226,24,65,41,4,20,48,0.854167,0.833333,0.166667,1.708333,2.708333,46.951471,123.564021,1126.8353,2965.5365
qwen25_0p5b_to_3b,qwen2.5,Qwen/Qwen2.5-0.5B,Qwen/Qwen2.5-3B,code_completion,code_completion_1,4,20,0.0,1.0,64,9.094975,,21.644327,2.379812,14,68,54,1,13,56,0.964286,0.928571,0.071429,3.857143,4.857143,96.493486,124.217871,1350.9088,1739.0502
qwen25_0p5b_to_3b,qwen2.5,Qwen/Qwen2.5-0.5B,Qwen/Qwen2.5-3B,code_completion,code_completion_1,4,20,0.9,1.0,64,8.775172,,19.906168,2.268465,15,65,50,5,10,60,0.833333,0.666667,0.333333,3.333333,4.333333,90.783193,123.076713,1361.7479,1846.1507
qwen25_0p5b_to_3b,qwen2.5,Qwen/Qwen2.5-0.5B,Qwen/Qwen2.5-3B,code_completion,code_completion_1,4,50,0.0,1.0,64,8.754076,,23.20896,2.651218,14,66,52,3,11,56,0.928571,0.785714,0.214286,3.714286,4.714286,82.247879,117.387621,1151.4703,1643.4267
qwen25_0p5b_to_3b,qwen2.5,Qwen/Qwen2.5-0.5B,Qwen/Qwen2.5-3B,code_completion,code_completion_1,4,50,0.9,1.0,64,8.411318,,19.605802,2.330883,14,66,52,1,13,56,0.928571,0.928571,0.071429,3.714286,4.714286,100.079786,136.383793,1401.117,1909.3731
qwen25_0p5b_to_3b,qwen2.5,Qwen/Qwen2.5-0.5B,Qwen/Qwen2.5-3B,long_summarization,long_summarization_0,2,20,0.0,1.0,64,8.424591,,12.508234,1.484729,24,65,41,5,19,48,0.854167,0.791667,0.208333,1.708333,2.708333,80.110079,133.629088,1922.6419,3207.0981
qwen25_0p5b_to_3b,qwen2.5,Qwen/Qwen2.5-0.5B,Qwen/Qwen2.5-3B,long_summarization,long_summarization_0,2,20,0.9,1.0,64,8.504819,,13.572288,1.595835,26,66,40,8,18,52,0.769231,0.692308,0.307692,1.538462,2.538462,53.717996,130.685727,1396.6679,3397.8289
qwen25_0p5b_to_3b,qwen2.5,Qwen/Qwen2.5-0.5B,Qwen/Qwen2.5-3B,long_summarization,long_summarization_0,2,50,0.0,1.0,64,8.888121,,17.196741,1.934801,23,66,43,2,21,46,0.934783,0.913043,0.086957,1.869565,2.869565,45.398391,119.029496,1044.163,2737.6784
qwen25_0p5b_to_3b,qwen2.5,Qwen/Qwen2.5-0.5B,Qwen/Qwen2.5-3B,long_summarization,long_summarization_0,2,50,0.9,1.0,64,8.900293,,13.788852,1.549258,26,66,40,8,18,52,0.769231,0.692308,0.307692,1.538462,2.538462,51.675519,129.930035,1343.5635,3378.1809
qwen25_0p5b_to_3b,qwen2.5,Qwen/Qwen2.5-0.5B,Qwen/Qwen2.5-3B,long_summarization,long_summarization_0,4,20,0.0,1.0,64,9.01055,,18.417702,2.044015,17,67,50,7,10,68,0.735294,0.588235,0.411765,2.941176,3.941176,88.999594,121.521718,1512.9931,2065.8692
qwen25_0p5b_to_3b,qwen2.5,Qwen/Qwen2.5-0.5B,Qwen/Qwen2.5-3B,long_summarization,long_summarization_0,4,20,0.9,1.0,64,8.857011,,16.859745,1.903548,17,66,49,7,10,68,0.720588,0.588235,0.411765,2.882353,3.882353,97.067782,129.874094,1650.1523,2207.8596
qwen25_0p5b_to_3b,qwen2.5,Qwen/Qwen2.5-0.5B,Qwen/Qwen2.5-3B,long_summarization,long_summarization_0,4,50,0.0,1.0,64,8.863162,,18.754636,2.116021,16,66,50,4,12,64,0.78125,0.75,0.25,3.125,4.125,91.5307,125.031712,1464.4912,2000.5074
qwen25_0p5b_to_3b,qwen2.5,Qwen/Qwen2.5-0.5B,Qwen/Qwen2.5-3B,long_summarization,long_summarization_0,4,50,0.9,1.0,64,8.618226,,16.951466,1.966932,17,64,47,6,11,68,0.691176,0.647059,0.352941,2.764706,3.764706,91.0472,127.793235,1547.8024,2172.485
qwen25_0p5b_to_3b,qwen2.5,Qwen/Qwen2.5-0.5B,Qwen/Qwen2.5-3B,long_summarization,long_summarization_1,2,20,0.0,1.0,64,8.646333,,15.886415,1.837359,23,65,42,4,19,46,0.913043,0.826087,0.173913,1.826087,2.826087,50.326891,125.06443,1157.5185,2876.4819
qwen25_0p5b_to_3b,qwen2.5,Qwen/Qwen2.5-0.5B,Qwen/Qwen2.5-3B,long_summarization,long_summarization_1,2,20,0.9,1.0,64,8.373178,,14.824623,1.770489,24,64,40,5,19,48,0.833333,0.791667,0.208333,1.666667,2.666667,50.468267,126.931738,1211.2384,3046.3617
qwen25_0p5b_to_3b,qwen2.5,Qwen/Qwen2.5-0.5B,Qwen/Qwen2.5-3B,long_summarization,long_summarization_1,2,50,0.0,1.0,64,8.385254,,15.786103,1.882603,23,64,41,3,20,46,0.891304,0.869565,0.130435,1.782609,2.782609,49.299017,124.434843,1133.8774,2862.0014
qwen25_0p5b_to_3b,qwen2.5,Qwen/Qwen2.5-0.5B,Qwen/Qwen2.5-3B,long_summarization,long_summarization_1,2,50,0.9,1.0,64,8.420241,,14.205899,1.687113,24,65,41,5,19,48,0.854167,0.791667,0.208333,1.708333,2.708333,56.347683,131.673537,1352.3444,3160.1649
qwen25_0p5b_to_3b,qwen2.5,Qwen/Qwen2.5-0.5B,Qwen/Qwen2.5-3B,long_summarization,long_summarization_1,4,20,0.0,1.0,64,9.539101,,18.712909,1.961706,18,68,50,7,11,72,0.694444,0.611111,0.388889,2.777778,3.777778,80.026967,118.697256,1440.4854,2136.5506
qwen25_0p5b_to_3b,qwen2.5,Qwen/Qwen2.5-0.5B,Qwen/Qwen2.5-3B,long_summarization,long_summarization_1,4,20,0.9,1.0,64,9.432994,,18.360928,1.946458,18,67,49,9,9,72,0.680556,0.5,0.5,2.722222,3.722222,81.003133,118.454061,1458.0564,2132.1731
qwen25_0p5b_to_3b,qwen2.5,Qwen/Qwen2.5-0.5B,Qwen/Qwen2.5-3B,long_summarization,long_summarization_1,4,50,0.0,1.0,64,8.995972,,18.434751,2.049223,17,64,47,7,10,68,0.691176,0.588235,0.411765,2.764706,3.764706,80.091194,120.855624,1361.5503,2054.5456
qwen25_0p5b_to_3b,qwen2.5,Qwen/Qwen2.5-0.5B,Qwen/Qwen2.5-3B,long_summarization,long_summarization_1,4,50,0.9,1.0,64,9.323733,,18.713413,2.007073,17,67,50,10,7,68,0.735294,0.411765,0.588235,2.941176,3.941176,86.599218,120.444894,1472.1867,2047.5632
qwen25_1p5b_to_3b,qwen2.5,Qwen/Qwen2.5-1.5B,Qwen/Qwen2.5-3B,continuation,continuation_0,2,20,0.0,1.0,64,8.015479,,4.051517,0.505462,23,66,43,2,21,46,0.934783,0.913043,0.086957,1.869565,2.869565,574.152578,131.638526,13205.5093,3027.6861
qwen25_1p5b_to_3b,qwen2.5,Qwen/Qwen2.5-1.5B,Qwen/Qwen2.5-3B,continuation,continuation_0,2,20,0.9,1.0,64,7.740139,,3.427701,0.442847,24,64,40,6,18,48,0.833333,0.75,0.25,1.666667,2.666667,625.948742,149.342879,15022.7698,3584.2291
qwen25_1p5b_to_3b,qwen2.5,Qwen/Qwen2.5-1.5B,Qwen/Qwen2.5-3B,continuation,continuation_0,2,50,0.0,1.0,64,7.34987,,3.610423,0.491223,22,66,44,0,22,44,1.0,1.0,0.0,2,3,671.011045,156.799168,14762.243,3449.5817
qwen25_1p5b_to_3b,qwen2.5,Qwen/Qwen2.5-1.5B,Qwen/Qwen2.5-3B,continuation,continuation_0,2,50,0.9,1.0,64,7.192416,,3.638366,0.505862,23,65,42,3,20,46,0.913043,0.869565,0.130435,1.826087,2.826087,624.47513,149.578835,14362.928,3440.3132
qwen25_1p5b_to_3b,qwen2.5,Qwen/Qwen2.5-1.5B,Qwen/Qwen2.5-3B,continuation,continuation_0,4,20,0.0,1.0,64,7.14249,,3.096071,0.433472,15,65,50,3,12,60,0.833333,0.8,0.2,3.333333,4.333333,1249.544707,146.39348,18743.1706,2195.9022
qwen25_1p5b_to_3b,qwen2.5,Qwen/Qwen2.5-1.5B,Qwen/Qwen2.5-3B,continuation,continuation_0,4,20,0.9,1.0,64,7.430798,,3.324146,0.447347,14,65,51,2,12,56,0.910714,0.857143,0.142857,3.642857,4.642857,1244.18745,148.734843,17418.6243,2082.2878
qwen25_1p5b_to_3b,qwen2.5,Qwen/Qwen2.5-1.5B,Qwen/Qwen2.5-3B,continuation,continuation_0,4,50,0.0,1.0,64,7.241643,,3.621999,0.500163,13,65,52,0,13,52,1.0,1.0,0.0,4,5,1232.130238,144.5031,16017.6931,1878.5403
qwen25_1p5b_to_3b,qwen2.5,Qwen/Qwen2.5-1.5B,Qwen/Qwen2.5-3B,continuation,continuation_0,4,50,0.9,1.0,64,7.66406,,3.282442,0.42829,15,67,52,3,12,60,0.866667,0.8,0.2,3.466667,4.466667,1212.31684,144.748927,18184.7526,2171.2339
qwen25_1p5b_to_3b,qwen2.5,Qwen/Qwen2.5-1.5B,Qwen/Qwen2.5-3B,continuation,continuation_1,2,20,0.0,1.0,64,7.27033,,3.827169,0.526409,22,66,44,0,22,44,1.0,1.0,0.0,2,3,634.319323,146.838373,13955.0251,3230.4442
qwen25_1p5b_to_3b,qwen2.5,Qwen/Qwen2.5-1.5B,Qwen/Qwen2.5-3B,continuation,continuation_1,2,20,0.9,1.0,64,7.196172,,3.804554,0.528691,22,66,44,0,22,44,1.0,1.0,0.0,2,3,635.917305,149.836759,13990.1807,3296.4087
qwen25_1p5b_to_3b,qwen2.5,Qwen/Qwen2.5-1.5B,Qwen/Qwen2.5-3B,continuation,continuation_1,2,50,0.0,1.0,64,7.206928,,3.839981,0.532818,22,64,42,1,21,44,0.954545,0.954545,0.045455,1.909091,2.909091,612.086105,142.934064,13465.8943,3144.5494
qwen25_1p5b_to_3b,qwen2.5,Qwen/Qwen2.5-1.5B,Qwen/Qwen2.5-3B,continuation,continuation_1,2,50,0.9,1.0,64,7.488714,,3.91865,0.523274,23,65,42,2,21,46,0.913043,0.913043,0.086957,1.826087,2.826087,583.597313,135.096939,13422.7382,3107.2296
qwen25_1p5b_to_3b,qwen2.5,Qwen/Qwen2.5-1.5B,Qwen/Qwen2.5-3B,continuation,continuation_1,4,20,0.0,1.0,64,7.838055,,3.750651,0.478518,13,65,52,0,13,52,1.0,1.0,0.0,4,5,1191.558685,137.849231,15490.2629,1792.04
qwen25_1p5b_to_3b,qwen2.5,Qwen/Qwen2.5-1.5B,Qwen/Qwen2.5-3B,continuation,continuation_1,4,20,0.9,1.0,64,7.646444,,3.509597,0.458984,14,67,53,1,13,56,0.946429,0.928571,0.071429,3.785714,4.785714,1217.619857,142.097036,17046.678,1989.3585
qwen25_1p5b_to_3b,qwen2.5,Qwen/Qwen2.5-1.5B,Qwen/Qwen2.5-3B,continuation,continuation_1,4,50,0.0,1.0,64,7.487987,,3.264576,0.435975,14,64,50,3,11,56,0.892857,0.785714,0.214286,3.571429,4.571429,1247.306507,148.868857,17462.2911,2084.164
qwen25_1p5b_to_3b,qwen2.5,Qwen/Qwen2.5-1.5B,Qwen/Qwen2.5-3B,continuation,continuation_1,4,50,0.9,1.0,64,7.131228,,3.370972,0.472706,14,65,51,3,11,56,0.910714,0.785714,0.214286,3.642857,4.642857,1228.545,144.88405,17199.63,2028.3767
qwen25_1p5b_to_3b,qwen2.5,Qwen/Qwen2.5-1.5B,Qwen/Qwen2.5-3B,code_completion,code_completion_0,2,20,0.0,1.0,64,7.765589,,3.9602,0.509968,22,66,44,0,22,44,1.0,1.0,0.0,2,3,611.184232,143.708759,13446.0531,3161.5927
qwen25_1p5b_to_3b,qwen2.5,Qwen/Qwen2.5-1.5B,Qwen/Qwen2.5-3B,code_completion,code_completion_0,2,20,0.9,1.0,64,7.218735,,3.466019,0.480142,24,65,41,4,20,48,0.854167,0.833333,0.166667,1.708333,2.708333,629.614292,149.156004,15110.743,3579.7441
qwen25_1p5b_to_3b,qwen2.5,Qwen/Qwen2.5-1.5B,Qwen/Qwen2.5-3B,code_completion,code_completion_0,2,50,0.0,1.0,64,7.329067,,3.818862,0.521057,22,66,44,0,22,44,1.0,1.0,0.0,2,3,633.680877,149.153132,13940.9793,3281.3689
qwen25_1p5b_to_3b,qwen2.5,Qwen/Qwen2.5-1.5B,Qwen/Qwen2.5-3B,code_completion,code_completion_0,2,50,0.9,1.0,64,7.281734,,3.4375,0.472072,24,65,41,4,20,48,0.854167,0.833333,0.166667,1.708333,2.708333,637.699879,147.481679,15304.7971,3539.5603
qwen25_1p5b_to_3b,qwen2.5,Qwen/Qwen2.5-1.5B,Qwen/Qwen2.5-3B,code_completion,code_completion_0,4,20,0.0,1.0,64,7.48059,,3.808262,0.509086,13,65,52,0,13,52,1.0,1.0,0.0,4,5,1172.929992,136.285285,15248.0899,1771.7087
qwen25_1p5b_to_3b,qwen2.5,Qwen/Qwen2.5-1.5B,Qwen/Qwen2.5-3B,code_completion,code_completion_0,4,20,0.9,1.0,64,7.619891,,3.037932,0.398684,16,66,50,4,12,64,0.78125,0.75,0.25,3.125,4.125,1212.051175,142.322287,19392.8188,2277.1566
qwen25_1p5b_to_3b,qwen2.5,Qwen/Qwen2.5-1.5B,Qwen/Qwen2.5-3B,code_completion,code_completion_0,4,50,0.0,1.0,64,7.636092,,3.892385,0.509735,13,65,52,0,13,52,1.0,1.0,0.0,4,5,1148.286985,132.553669,14927.7308,1723.1977
qwen25_1p5b_to_3b,qwen2.5,Qwen/Qwen2.5-1.5B,Qwen/Qwen2.5-3B,code_completion,code_completion_0,4,50,0.9,1.0,64,7.773603,,2.96577,0.381518,16,65,49,5,11,64,0.765625,0.6875,0.3125,3.0625,4.0625,1223.468275,142.822738,19575.4924,2285.1638
qwen25_1p5b_to_3b,qwen2.5,Qwen/Qwen2.5-1.5B,Qwen/Qwen2.5-3B,code_completion,code_completion_1,2,20,0.0,1.0,64,7.548133,,4.123052,0.546235,22,66,44,0,22,44,1.0,1.0,0.0,2,3,590.199332,134.870645,12984.3853,2967.1542
qwen25_1p5b_to_3b,qwen2.5,Qwen/Qwen2.5-1.5B,Qwen/Qwen2.5-3B,code_completion,code_completion_1,2,20,0.9,1.0,64,7.796538,,4.094524,0.525172,22,65,43,1,21,44,0.977273,0.954545,0.045455,1.954545,2.954545,583.322659,135.692555,12833.0985,2985.2362
qwen25_1p5b_to_3b,qwen2.5,Qwen/Qwen2.5-1.5B,Qwen/Qwen2.5-3B,code_completion,code_completion_1,2,50,0.0,1.0,64,7.909901,,4.126949,0.521745,22,66,44,0,22,44,1.0,1.0,0.0,2,3,587.338559,136.947273,12921.4483,3012.84
qwen25_1p5b_to_3b,qwen2.5,Qwen/Qwen2.5-1.5B,Qwen/Qwen2.5-3B,code_completion,code_completion_1,2,50,0.9,1.0,64,7.968694,,3.837055,0.481516,24,65,41,5,19,48,0.854167,0.791667,0.208333,1.708333,2.708333,571.436942,131.925287,13714.4866,3166.2069
qwen25_1p5b_to_3b,qwen2.5,Qwen/Qwen2.5-1.5B,Qwen/Qwen2.5-3B,code_completion,code_completion_1,4,20,0.0,1.0,64,7.34858,,3.332487,0.453487,14,66,52,3,11,56,0.928571,0.785714,0.214286,3.714286,4.714286,1264.656179,146.126343,17705.1865,2045.7688
qwen25_1p5b_to_3b,qwen2.5,Qwen/Qwen2.5-1.5B,Qwen/Qwen2.5-3B,code_completion,code_completion_1,4,20,0.9,1.0,64,7.279118,,3.629737,0.498651,13,65,52,0,13,52,1.0,1.0,0.0,4,5,1228.734877,144.792154,15973.5534,1882.298
qwen25_1p5b_to_3b,qwen2.5,Qwen/Qwen2.5-1.5B,Qwen/Qwen2.5-3B,code_completion,code_completion_1,4,50,0.0,1.0,64,7.516159,,3.381973,0.44996,14,67,53,2,12,56,0.946429,0.857143,0.142857,3.785714,4.785714,1263.304829,147.503036,17686.2676,2065.0425
qwen25_1p5b_to_3b,qwen2.5,Qwen/Qwen2.5-1.5B,Qwen/Qwen2.5-3B,code_completion,code_completion_1,4,50,0.9,1.0,64,7.393386,,3.143128,0.425127,15,67,52,2,13,60,0.866667,0.866667,0.133333,3.466667,4.466667,1268.88554,148.450967,19033.2831,2226.7645
qwen25_1p5b_to_3b,qwen2.5,Qwen/Qwen2.5-1.5B,Qwen/Qwen2.5-3B,long_summarization,long_summarization_0,2,20,0.0,1.0,64,7.27219,,3.67187,0.504919,23,66,43,3,20,46,0.934783,0.869565,0.130435,1.869565,2.869565,628.774339,149.909822,14461.8098,3447.9259
qwen25_1p5b_to_3b,qwen2.5,Qwen/Qwen2.5-1.5B,Qwen/Qwen2.5-3B,long_summarization,long_summarization_0,2,20,0.9,1.0,64,7.093185,,3.428426,0.483341,25,64,39,7,18,50,0.78,0.72,0.28,1.56,2.56,599.398796,144.829708,14984.9699,3620.7427
qwen25_1p5b_to_3b,qwen2.5,Qwen/Qwen2.5-1.5B,Qwen/Qwen2.5-3B,long_summarization,long_summarization_0,2,50,0.0,1.0,64,7.723034,,3.570449,0.462312,25,66,41,6,19,50,0.82,0.76,0.24,1.64,2.64,596.31936,140.5401,14907.984,3513.5025
qwen25_1p5b_to_3b,qwen2.5,Qwen/Qwen2.5-1.5B,Qwen/Qwen2.5-3B,long_summarization,long_summarization_0,2,50,0.9,1.0,64,7.168075,,3.719714,0.518928,23,64,41,3,20,46,0.891304,0.869565,0.130435,1.782609,2.782609,601.581874,143.794709,13836.3831,3307.2783
qwen25_1p5b_to_3b,qwen2.5,Qwen/Qwen2.5-1.5B,Qwen/Qwen2.5-3B,long_summarization,long_summarization_0,4,20,0.0,1.0,64,7.597834,,3.258618,0.428888,15,65,50,3,12,60,0.833333,0.8,0.2,3.333333,4.333333,1183.473873,142.696727,17752.1081,2140.4509
qwen25_1p5b_to_3b,qwen2.5,Qwen/Qwen2.5-1.5B,Qwen/Qwen2.5-3B,long_summarization,long_summarization_0,4,20,0.9,1.0,64,7.647374,,2.86644,0.374827,16,65,49,5,11,64,0.765625,0.6875,0.3125,3.0625,4.0625,1260.795081,152.390131,20172.7213,2438.2421
qwen25_1p5b_to_3b,qwen2.5,Qwen/Qwen2.5-1.5B,Qwen/Qwen2.5-3B,long_summarization,long_summarization_0,4,50,0.0,1.0,64,7.534149,,3.353404,0.445094,15,67,52,3,12,60,0.866667,0.8,0.2,3.466667,4.466667,1185.632107,142.602033,17784.4816,2139.0305
qwen25_1p5b_to_3b,qwen2.5,Qwen/Qwen2.5-1.5B,Qwen/Qwen2.5-3B,long_summarization,long_summarization_0,4,50,0.9,1.0,64,7.726682,,2.805917,0.363146,17,66,49,5,12,68,0.720588,0.705882,0.294118,2.882353,3.882353,1231.721182,148.275006,20939.2601,2520.6751
qwen25_1p5b_to_3b,qwen2.5,Qwen/Qwen2.5-1.5B,Qwen/Qwen2.5-3B,long_summarization,long_summarization_1,2,20,0.0,1.0,64,7.236554,,3.545625,0.48996,24,65,41,5,19,48,0.854167,0.791667,0.208333,1.708333,2.708333,615.859033,145.276983,14780.6168,3486.6476
qwen25_1p5b_to_3b,qwen2.5,Qwen/Qwen2.5-1.5B,Qwen/Qwen2.5-3B,long_summarization,long_summarization_1,2,20,0.9,1.0,64,7.174893,,3.47382,0.484163,24,64,40,5,19,48,0.833333,0.791667,0.208333,1.666667,2.666667,617.404575,147.531021,14817.7098,3540.7445
qwen25_1p5b_to_3b,qwen2.5,Qwen/Qwen2.5-1.5B,Qwen/Qwen2.5-3B,long_summarization,long_summarization_1,2,50,0.0,1.0,64,7.248141,,3.879632,0.535259,22,65,43,1,21,44,0.977273,0.954545,0.045455,1.954545,2.954545,613.797477,145.089991,13503.5445,3191.9798
qwen25_1p5b_to_3b,qwen2.5,Qwen/Qwen2.5-1.5B,Qwen/Qwen2.5-3B,long_summarization,long_summarization_1,2,50,0.9,1.0,64,7.23216,,3.63212,0.502218,23,65,42,3,20,46,0.913043,0.869565,0.130435,1.826087,2.826087,624.704943,150.614122,14368.2137,3464.1248
qwen25_1p5b_to_3b,qwen2.5,Qwen/Qwen2.5-1.5B,Qwen/Qwen2.5-3B,long_summarization,long_summarization_1,4,20,0.0,1.0,64,7.421731,,3.201607,0.431383,15,67,52,5,10,60,0.866667,0.666667,0.333333,3.466667,4.466667,1242.50068,148.547187,18637.5102,2228.2078
qwen25_1p5b_to_3b,qwen2.5,Qwen/Qwen2.5-1.5B,Qwen/Qwen2.5-3B,long_summarization,long_summarization_1,4,20,0.9,1.0,64,7.593473,,2.69592,0.355031,18,68,50,8,10,72,0.694444,0.555556,0.444444,2.777778,3.777778,1245.947006,151.587539,22427.0461,2728.5757
qwen25_1p5b_to_3b,qwen2.5,Qwen/Qwen2.5-1.5B,Qwen/Qwen2.5-3B,long_summarization,long_summarization_1,4,50,0.0,1.0,64,7.186637,,3.516886,0.489365,13,64,51,1,12,52,0.980769,0.923077,0.076923,3.923077,4.923077,1246.213415,149.646569,16200.7744,1945.4054
qwen25_1p5b_to_3b,qwen2.5,Qwen/Qwen2.5-1.5B,Qwen/Qwen2.5-3B,long_summarization,long_summarization_1,4,50,0.9,1.0,64,7.235382,,2.820465,0.389816,16,65,49,6,10,64,0.765625,0.625,0.375,3.0625,4.0625,1284.125031,152.371987,20546.0005,2437.9518
